date,produced,mining.value,destroyed
2019-01-01,5087790786105.92,1831586444220.8345,1286211647406.05
2019-01-02,5371246146080.214,1812047959736.3933,1193095455106.14
2019-01-03,5016524195983.46,1994656413842.2139,1138683309504.35
2019-01-04,5261973623802.353,1919876399066.3857,1326690437943.73
2019-01-05,6386349959494.487,1835361961923.932,1880315842897.24
2019-01-06,4935637351097.462,1869786789855.062,1485338460810.96
2019-01-07,5411200433101.448,1800732333811.392,1249859623236.58
2019-01-08,5013481508071.064,1880690590205.9624,1034727091939.02
2019-01-09,4790397006354.708,1817394975300.652,998775923719.2
2019-01-10,5527709629172.703,1836186071369.521,1180250493055.9
2019-01-11,5472070814145.465,1861351405644.6538,1011792696747.99
2019-01-12,5024828298736.625,2019346196338.574,1985844939572.98
2019-01-13,5202831303995.837,1591990497830.4463,1871783935528.97
2019-01-14,5466848193525.921,1793237786466.609,1078138817300.9
2019-01-15,4963709037671.387,1715571494733.4055,1000039324733.22
2019-01-16,4993979081883.299,1782364522803.5564,1772506361575.98
2019-01-17,5172285170179.135,1814676433340.8403,1105042374662.93
2019-01-18,5231605678224.236,1883300945852.289,1172108430046.72
2019-01-19,4932811145125.119,2202408096176.0503,1627619483818.12
2019-01-20,5339575742520.71,2154601288776.2031,1713175335605.8
2019-01-21,5195060711058.038,2138433986512.7612,1197968806799.13
2019-01-22,4713141626931.859,1947046936459.0537,982486967543.5
2019-01-23,4773251232987.027,1860091898351.5063,1114796158888.06
2019-01-24,5531142361140.378,1954350327221.9907,1096896665900.26
2019-01-25,5047847798462.959,1996883838146.8423,979118698930.57
2019-01-26,5224164968145.064,2236366382102.016,1934939165424.06
2019-01-27,6139130713751.198,2124282843171.663,1419752305897.61
2019-01-28,5010044322482.037,1891389459331.7502,1004576133117.55
2019-01-29,5621797553460.257,1899372100944.4446,1369660226342.56
2019-01-30,5109967711067.915,1996611104951.6868,982781081256.01
2019-01-31,5081656823280.1455,2091143206256.9373,1069113316763.51
2019-02-01,5137470825704.676,2088730354603.8123,995415351053.54
2019-02-02,5701404367521.754,2141993462758.8274,1891683063238.49
2019-02-03,5356472460282.895,2287834664461.626,1579143929544.61
2019-02-04,5824652185010.693,1884626373046.467,898101375994.67
2019-02-05,4597418378669.102,1689507371761.9648,1089858209459.44
2019-02-06,5171580155859.947,2021834286121.1147,1090552099399.6
2019-02-07,5026658791409.464,1952676915151.707,947910979611.59
2019-02-08,5564884053002.48,1986179113107.7778,956044975046.16
2019-02-09,5674159103848.011,2285265729996.3745,1663168772375.24
2019-02-10,5430582409215.039,2576724078194.8726,1250319325908.04
2019-02-11,5166951715150.078,1978077198418.234,933457445847.25
2019-02-12,5438029688624.561,2042741635106.3906,1118918117035.9
2019-02-13,5234850735262.343,,
2019-02-14,5117116496519.713,1924568501661.5388,901033661307.17
2019-02-15,4842352495015.734,2058352812967.5952,961719771159.57
2019-02-16,5279150426028.826,2295518067657.182,1756453471590.47
2019-02-17,5382081452978.224,2279562870258.8413,1698124388064.17
2019-02-18,5460200476840.182,2083754624497.9905,957741104787.73
2019-02-19,5128654002393.086,2030446241740.6243,1042477355025.67
2019-02-20,5532782902277.13,2237658588122.7993,1031503557545.99
2019-02-21,4947000268043.456,1770771180616.452,992188360458.34
2019-02-22,4930506387552.559,1718444819037.1,1056483238284.1
2019-02-23,4730396470448.674,1892185896612.9717,1608461118324.86
2019-02-24,4742965911498.804,1982568750263.0688,1693374993102.96
2019-02-25,4844039999559.325,2554593139168.579,959431401637.49
2019-02-26,4889749219462.61,2519760973980.8267,1049904753080.04
2019-02-27,5068478992703.15,1930212781824.3743,1239496329230.96
2019-02-28,5123519515195.354,1896541705899.3435,1110000427486.31
2019-03-01,4690350083573.152,1713147482395.8274,1207887644626.07
2019-03-02,5737592458209.555,1949470204728.7751,2005909504538.3
2019-03-03,5753310554853.07,1896470143057.6445,1830906086400.22
2019-03-04,5122117628749.4375,1714768088786.495,966249716013.35
2019-03-05,5969893194845.121,1715323444880.588,1055518974605.96
2019-03-06,4534071381939.502,1786136366496.7068,1187439821553.69
2019-03-07,5377702347708.361,1809957859779.2798,1007153236297.79
2019-03-08,5070323730449.949,1802981424270.1604,1023576151939.31
2019-03-09,5652094330649.095,2182449764333.797,1464990461906.16
2019-03-10,5828450246781.719,2213993043582.919,1457266452164.09
2019-03-11,5318358479634.245,1965013147766.7837,844640307827.74
2019-03-12,4908131517968.696,2200184485443.134,1043837457533.34
2019-03-13,4690006487639.392,1673905221213.8887,1014028300683.38
2019-03-14,5209862464378.131,1655646231798.3406,1130308153119.06
2019-03-15,5082638099084.577,1677175876611.2576,1066309150221.08
2019-03-16,4902440653487.429,3052178234074.8804,1810672474754.23
2019-03-17,5434377942412.219,2233472065715.8613,1416079493882.8
2019-03-18,5481296460378.594,2453238481647.636,1241810221000.68
2019-03-19,4847779050293.864,1746924511045.5664,958219403023.23
2019-03-20,4874614445309.962,,999998282834.96
2019-03-21,4336255583807.5776,1933789848980.7346,1116238353109.79
2019-03-22,4861233328043.033,3142065788761.898,1077512108824.48
2019-03-23,5440353156820.634,2964683724805.9087,1794625224309.83
2019-03-24,4946833829198.905,2692358869288.6353,2062846531840.27
2019-03-25,4927844723172.52,,1080355856310.71
2019-03-26,4772429251568.59,1696240227528.522,1068311864265.96
2019-03-27,4440309975766.102,1662393990851.7585,893788588303.8
2019-03-28,4488196810935.0205,1749167177653.8591,1065010527332.82
2019-03-29,5039475334643.305,1622733863409.8044,1010556918224.37
2019-03-30,4773368339429.42,1828852883073.27,2094096936583.51
2019-03-31,5785492443157.617,2204023817684.5176,1480657801330.24
2019-04-01,4964054398438.801,1642430644244.5513,1071073251070.0
2019-04-02,4942587945816.595,1632507583871.6794,1128798869691.0
2019-04-03,4224029020478.138,1861197383630.0002,1048666115697.66
2019-04-04,4521502225495.83,1680619407286.8784,942139031023.51
2019-04-05,4750172007944.837,1749541065031.673,1891731720169.97
2019-04-06,4929536911751.073,1752703510885.7722,1926433903461.15
2019-04-07,6035848440226.557,1992812284835.6707,1597767251407.65
2019-04-08,5194854796021.425,1617625750689.4363,973902779746.39
2019-04-09,4695288733444.767,1601975552105.934,1138772382471.96
2019-04-10,4736712145870.958,1369121221104.5889,1020108576906.84
2019-04-11,5293290237796.342,1386367343436.7366,975859509874.01
2019-04-12,4506991301689.812,1349939911502.6997,1292971318665.31
2019-04-13,4926083309491.201,1544380098149.3577,1835863019173.6
2019-04-14,4831995576720.793,1503112135738.779,1802950613560.45
2019-04-15,4987296274638.996,1443096816030.7754,848649403006.97
2019-04-16,4721411466212.821,1303967730851.7314,955870604299.46
2019-04-17,4700258105682.865,1387133372625.9167,1055740373582.22
2019-04-18,4708684915816.277,1421966949491.1355,1003591886799.23
2019-04-19,4649231862365.588,1489544244558.7603,1159020021403.93
2019-04-20,4685751354998.072,1700252071266.2979,1691402061284.29
2019-04-21,4777406215749.904,1648078406533.8257,1246327780972.11
2019-04-22,4423458525433.524,1488984513374.764,1152429199986.13
2019-04-23,4235151268116.363,1448768994942.0269,915577961245.2
2019-04-24,4541511355366.056,1483616775768.244,1268679963817.4
2019-04-25,4458834639787.729,1421836493817.2046,835554904011.27
2019-04-26,4255108644874.2993,1437103291189.66,1017411707591.67
2019-04-27,4957326366105.554,1605911928180.8147,1455647200475.61
2019-04-28,4872757827940.919,1529959476694.4812,1428270405789.08
2019-04-29,4012806347186.2686,1471472334031.2153,904452523374.37
2019-04-30,4435295532986.897,1407042011713.0747,976732232761.66
2019-05-01,4961272666975.071,1516235497533.2263,1051016319417.56
2019-05-02,4488658094547.935,1535638236018.8691,1091166589511.83
2019-05-03,3963783351808.4014,1348649656518.3271,1231261296215.37
2019-05-04,4718095990419.606,1570138564642.8594,1695223754240.45
2019-05-05,4755212725617.869,1678439842684.65,1419662607073.56
2019-05-06,4936822641862.774,1420794379311.684,1047438531034.44
2019-05-07,4148922359124.5,1345574433234.673,1147709783103.32
2019-05-08,4499300117878.386,1464561523146.65,990714844774.06
2019-05-09,4217733016325.2812,1402784339049.716,952474529814.44
2019-05-10,3700397929227.48,1432548481680.8567,1293335812154.39
2019-05-11,4398247445983.13,1510343723861.943,1875802023674.86
2019-05-12,5119597709954.464,1443712109764.6548,1342782413626.09
2019-05-13,4301627379790.196,1390332528481.54,942760402147.23
2019-05-14,4325741238967.7524,1300675104410.034,952460118077.64
2019-05-15,4158047900553.432,1407529011383.4727,975959375746.99
2019-05-16,4318306794843.7407,1463241305742.8643,971719071333.19
2019-05-17,4591650440844.646,1574019214479.5015,1124979272421.07
2019-05-18,4876917597919.836,1615447394807.098,1716885252466.59
2019-05-19,5102055026293.713,1238819367768.7952,1774455336461.85
2019-05-20,4685507476270.8955,1202360165312.9229,897264931219.42
2019-05-21,4595587032059.762,1099492054061.8336,1036247506400.44
2019-05-22,3798044012951.6494,1264875525859.1506,950170268247.74
2019-05-23,4060065682658.4365,1180848695328.712,892852908090.15
2019-05-24,3624924737937.4697,1303576303113.8018,1087698841372.61
2019-05-25,4364722287964.7,1369775397008.317,1658014834704.04
2019-05-26,4467895579105.497,1269516984443.578,1805139339886.42
2019-05-27,4335443050080.598,1229758887202.1826,1181791621938.34
2019-05-28,4191556115491.387,1046222830529.7108,1074413516835.79
2019-05-29,4137091978502.9727,1279957100992.736,1170382902002.17
2019-05-30,4078066857265.778,1282951764498.6965,1092744557969.86
2019-05-31,5255742988393.039,1069901809729.4141,1709811633928.07
2019-06-01,4473116126887.573,1282121657546.462,1960217753786.76
2019-06-02,4675552737283.354,1333451485787.1982,1632666758260.16
2019-06-03,4734905743507.244,1128269079212.0676,1022606988034.64
2019-06-04,4472789401605.055,1267091133376.1125,1188415328441.2
2019-06-05,3994798458014.6504,1147847131409.5098,1159849182592.77
2019-06-06,4561369775712.473,1042873016946.127,882186259542.14
2019-06-07,4417127076365.612,1252024230601.3123,1094250080775.94
2019-06-08,4307993114608.699,1223889780673.457,1481426900652.26
2019-06-09,4361516019839.1475,1143461936884.6262,1653884440441.4
2019-06-10,4396657636501.3486,1231579002742.5303,960970836591.67
2019-06-11,4091286622398.159,1048342202230.4011,1531950569381.1
2019-06-12,4209927421379.7314,1014760172511.7438,1358635988419.05
2019-06-13,3894103642968.3794,1101613454573.9053,866954006395.72
2019-06-14,4254032502299.075,1128152636585.957,1101122790834.21
2019-06-15,4152280835882.1665,1173256471342.7764,1435364741552.76
2019-06-16,4497493769453.493,1151994127798.4119,1540386512785.91
2019-06-17,4180507836136.329,1093157058322.492,982275005751.25
2019-06-18,4161274694507.606,1064461273205.7185,1113007281525.48
2019-06-19,3776352051676.758,984725145071.9587,1091391894108.15
2019-06-20,4119128850973.5005,1071991627481.3698,991813759825.75
2019-06-21,3867731520002.062,989943434588.6686,1107288206882.04
2019-06-22,3725744482887.0957,1049887303277.8792,1744334301888.03
2019-06-23,3750258232050.867,1166689986934.4585,1497864808578.46
2019-06-24,3720661684502.939,1015412759702.6299,895201638839.2
2019-06-25,3663156677537.1187,1114608334321.279,1063302883522.31
2019-06-26,4271167561350.1,1194355472161.101,1063833732560.08
2019-06-27,3573753093319.659,1204810267959.1057,915637443510.54
2019-06-28,4322511817603.382,1188815220767.181,1089132821806.97
2019-06-29,4594514314841.267,1502431757405.7012,1766505549563.26
2019-06-30,4353982413936.234,2800827845960.4595,1434108399758.43
2019-07-01,4172055776788.992,2227313785616.51,983853748673.99
2019-07-02,3657328577926.8833,2650621252788.4985,953438007251.14
2019-07-03,3542715722748.1064,2055040038368.5493,1090844074113.85
2019-07-04,3757585798018.0137,1913204793255.1887,1331299491830.31
2019-07-05,3494949926548.843,2421942451168.639,1238067963352.28
2019-07-06,4577712767637.177,2846329647148.9043,1783058253259.55
2019-07-07,3719535771412.428,3082106154138.028,1493187977151.83
2019-07-08,4211448190226.4873,1866908771749.761,1086736365687.1
2019-07-09,3573776004332.1343,1976484910645.5532,1161702252108.2
2019-07-10,3383634219191.492,2443660178460.6143,855613094966.92
2019-07-11,3547874411806.1025,2150963304817.1655,920279282509.89
2019-07-12,3904306490338.101,1061089571295.234,1259069686138.77
2019-07-13,4024195723026.0674,1454391902222.9128,1884358580248.23
2019-07-14,4248345868953.8765,3195784871417.2593,1729906425226.51
2019-07-15,3316905145261.7773,1426838604873.8613,1075802295145.35
2019-07-16,3483216450825.241,1382437265971.6948,1101887985956.87
2019-07-17,3343452425266.749,1726050903608.1294,1076750347770.91
2019-07-18,3135513935237.9644,2675150836754.882,1002764463687.03
2019-07-19,3512987361577.341,1723089632885.7063,1059581551917.25
2019-07-20,3512046671613.6343,1856416197275.6504,1732965670918.63
2019-07-21,3883432276137.9526,1474792339783.6035,1560033765340.28
2019-07-22,3423260680864.613,1496586700038.0737,1277611540484.97
2019-07-23,3505625703334.418,1596854374049.3792,1606226720356.08
2019-07-24,3192363665331.7554,1234287642632.5251,1127207029087.33
2019-07-25,2993464719741.201,1090215441163.239,1067771543148.1
2019-07-26,3300009548951.474,1345767889769.2742,1384657691490.85
2019-07-27,3713817456695.8325,1513286643141.5156,1634459803079.79
2019-07-28,4293684276611.4087,1908695745674.407,1893555942018.37
2019-07-29,3807497846336.4033,1060900084993.8969,1221229495578.17
2019-07-30,3792004061769.0293,1064809104321.3701,1172650986779.89
2019-07-31,3304288399407.8423,922495538497.5625,1466035815813.82
2019-08-01,3726579880584.733,886957232193.2748,979570082620.6
2019-08-02,3845239417520.4604,813388063134.6045,1001923818679.69
2019-08-03,3596418267655.4375,1045083410166.4667,1630512178135.43
2019-08-04,3781523065175.395,979829367441.013,1914449086430.09
2019-08-05,3765925802709.871,944153324568.5969,1097594344899.66
2019-08-06,3600571444214.9927,939151157139.0582,1017771021959.15
2019-08-07,3425150624688.471,963467604824.6602,1186021622612.42
2019-08-08,3681457761095.494,994126518403.404,1079721005853.9
2019-08-09,4421567894948.549,954828244783.0785,1142531867348.41
2019-08-10,3553452897658.969,1016291708531.3461,2135437115584.38
2019-08-11,3774219128385.132,1270003648959.1265,1693178014752.32
2019-08-12,3135586711296.651,916907364801.5166,899927738418.63
2019-08-13,3466149536079.7407,1030203131313.2727,1056671952677.61
2019-08-14,3343489648769.948,959239230427.757,1114344412416.45
2019-08-15,3551683847535.368,930085326898.4501,1111378442652.56
2019-08-16,3299800208779.5503,921046307659.9298,878636721656.06
2019-08-17,3895292507440.9644,,1724256099252.81
2019-08-18,3411420738617.3164,1073266233741.7266,1633853488569.58
2019-08-19,3558809417684.7056,915098161880.7319,1025001974305.82
2019-08-20,3299322761713.212,,2233543769530.59
2019-08-21,3357078487570.037,,1307172030837.44
2019-08-22,3563255658022.5405,911850043321.4299,1057264765733.71
2019-08-23,3092150172246.9463,929173841203.1644,1126795126595.06
2019-08-24,3404799146167.029,1001635513867.2585,1583797944969.45
2019-08-25,3735033090814.678,1178630106426.3167,1705159077025.54
2019-08-26,3397477069811.499,917151680656.7054,908799962445.89
2019-08-27,3505197350527.235,,910728505928.38
2019-08-28,3661733712212.2773,904910333656.7418,961410235722.54
2019-08-29,2744858563201.39,838638465144.7957,832584189887.37
2019-08-30,3138347988089.3257,809322343326.9067,902918175329.16
2019-08-31,2970004659797.042,960692663690.7358,1477386592604.59
2019-09-01,3536809477504.814,1061600955179.7119,1230870357591.77
2019-09-02,2962511093265.0913,,1536197568902.86
2019-09-03,3496989292587.6157,,1017712495524.77
2019-09-04,2943274953534.239,878311475483.7062,784878503986.7
2019-09-05,2866722175172.8022,966670638195.9797,804734154395.05
2019-09-06,2816316034567.3853,881995945733.4171,808601804595.28
2019-09-07,2775372792503.636,974201930763.0093,1639694372736.1
2019-09-08,3161976391803.6445,898450830673.2059,1421350544869.3
2019-09-09,2937405983716.382,831804324020.1783,823035172969.81
2019-09-10,3018309178986.965,,937625730626.26
2019-09-11,2744038203137.733,727859538079.8843,833775381614.17
2019-09-12,3009048478431.6465,741747201343.4424,1001466307130.49
2019-09-13,2897311701212.88,696541172856.7617,954898622658.04
2019-09-14,3250278341027.3765,752226841596.8489,1818927386162.86
2019-09-15,3151851476279.574,797502701954.618,1398139467242.08
2019-09-16,3380394757250.1807,818029686823.6914,911515409842.3
2019-09-17,3046998481396.739,583671552141.5132,714567951256.19
2019-09-18,2879688411476.819,636235470739.7893,779125649538.39
2019-09-19,3215159175824.392,914484986477.5781,797864777289.17
2019-09-20,2771400038244.9653,852439399826.6741,994123188053.62
2019-09-21,3218102681583.7046,1025912547508.0244,1730191798986.81
2019-09-22,3118254931532.6953,1173594647590.2974,1237122950019.02
2019-09-23,2820416601455.07,957351933737.7994,745338311625.82
2019-09-24,2820438088465.3926,975237907196.0176,789951086902.14
2019-09-25,2707716179129.233,959750417860.0245,747579473187.84
2019-09-26,2850910113017.596,1001819657996.6433,819721076782.96
2019-09-27,2976307026942.1753,938646683682.77,1054430515026.93
2019-09-28,2940954599479.2915,1092263120076.7987,1282731835492.13
2019-09-29,3139488657332.4614,1006982008580.271,1219188174313.77
2019-09-30,2781286207098.833,1056373517375.3755,837123403889.71
2019-10-01,2748553708768.926,937084099012.6593,842802819726.58
2019-10-02,2913059170117.415,940422860525.7977,1228751904247.29
2019-10-03,2540157378460.33,999162329447.4047,785231359514.97
2019-10-04,2969649921008.0815,1017405513792.103,896811326062.16
2019-10-05,3095657642798.712,1056885513126.2941,1398229973882.17
2019-10-06,3148893688956.407,1294091318139.7961,1159295149124.19
2019-10-07,3406386767913.4126,1000888086025.3079,775156065461.7
2019-10-08,3214765315521.653,903913356229.4432,777317263564.56
2019-10-09,2891654136063.624,893918610700.7136,831096114084.98
2019-10-10,2886204848526.8057,936816427394.3729,721501570594.19
2019-10-11,2762421779358.041,907252462170.5587,893242137243.33
2019-10-12,3507864708880.567,1021893724713.6653,1226309153312.53
2019-10-13,2978954792595.418,998833182223.9224,1066662689664.91
2019-10-14,3097742856219.399,955638415870.3369,745222611567.97
2019-10-15,3132563370597.1714,952193570216.2081,793198993264.27
2019-10-16,3295791768952.7236,951389739641.9336,815810893600.12
2019-10-17,3348644239798.6196,919739902081.2772,899664182989.12
2019-10-18,3100544074552.186,1017027869819.3833,822631211648.78
2019-10-19,3620419326365.307,1076168662784.7908,1266292719376.17
2019-10-20,3891914901489.743,1264775910866.296,1269976982327.98
2019-10-21,3361825161246.918,1054244313095.4406,765668544244.37
2019-10-22,3099000073535.291,1076321550487.7614,843459465654.61
2019-10-23,3402005145255.7065,989893273434.767,950443658284.89
2019-10-24,2645880920583.814,966410990442.1268,832399493273.93
2019-10-25,2944020144031.6426,1000790861972.3373,1000060442515.4
2019-10-26,3443004612886.196,1086896177895.5579,1389282451349.34
2019-10-27,3471464512112.449,1046293754542.5427,1231005494638.22
2019-10-28,3354174249506.407,911652081568.9603,665095003542.55
2019-10-29,3828643887372.562,941173839035.4724,990745993666.18
2019-10-30,2860514057197.084,908445542461.0183,1358053002998.32
2019-10-31,2534747046814.3228,908993874053.5944,1225773956870.32
2019-11-01,3476422122812.3184,985365451039.4264,1560091026357.83
2019-11-02,3208165548097.453,1276738810773.8953,1755783302217.02
2019-11-03,3420814985184.823,1326076996827.8005,1638532536047.12
2019-11-04,3044317625823.3037,993792232660.6389,1186762474461.54
2019-11-05,2918684948953.871,972537266459.2052,1118616955891.83
2019-11-06,2707334362171.6694,1055433365744.6924,1205430742238.95
2019-11-07,2984143141415.7085,1047695824885.1215,843135473164.59
2019-11-08,3517647695212.7573,1115724246456.8188,925174337255.14
2019-11-09,4071796774072.926,1276738040556.619,1665781405536.09
2019-11-10,3552993979691.8193,1249232930398.1882,1473786018898.63
2019-11-11,3354436055216.6963,1110146948303.4192,932419795415.74
2019-11-12,2923719662562.747,1049002855488.1273,813978155820.8
2019-11-13,3301145915887.119,1091869211008.576,690757896429.24
2019-11-14,3449987474149.487,1106827426966.207,869116952106.18
2019-11-15,3113289261760.793,1045686014177.4767,954618105868.92
2019-11-16,3667338598665.581,1208785971982.576,1544174915162.59
2019-11-17,3864785520934.8174,1403542987303.0837,1389678672399.79
2019-11-18,3772771169022.065,1131528555641.3694,890238147462.49
2019-11-19,3061221750990.756,982694616247.9346,958914575801.8
2019-11-20,3165854722493.218,977091746523.339,879819333025.84
2019-11-21,3663806940859.7383,980109972720.8037,1066277258195.71
2019-11-22,4213865848873.363,1013014022883.5317,972394633261.87
2019-11-23,3507368876733.1255,1175357958426.9749,1549478179974.74
2019-11-24,3317921616122.6587,1210428092703.6233,1401109761292.18
2019-11-25,3362623875379.3228,972236693609.384,991437396727.33
2019-11-26,3396466920615.4004,972748373794.4019,1017738138368.14
2019-11-27,3781177282334.5693,980366809940.462,864835486387.89
2019-11-28,3189065273225.9087,1050805692644.2249,970640092837.61
2019-11-29,3690949568778.725,1101115179636.2322,851731642618.13
2019-11-30,4189680606771.3076,1191819279684.9478,1466322014414.04
2019-12-01,3699624829499.6836,1241277624671.2407,1878486383757.96
2019-12-02,3506150456018.7837,953303184042.0339,866335418172.74
2019-12-03,3835341782154.2563,1070886390084.9152,863057660088.31
2019-12-04,3771055709737.1455,1016662646761.595,899408789179.42
2019-12-05,3225157998361.38,1002875379620.6284,1055187774153.97
2019-12-06,3339493421680.9263,1091316355919.4291,1036729488462.31
2019-12-07,4360758018509.187,1300102024011.9758,1477640922717.48
2019-12-08,3593734264630.5127,1108762950043.8582,1464175744754.51
2019-12-09,3616887025303.8706,1049885188079.9247,808543475462.64
2019-12-10,3820006671438.098,965017215029.768,925835380304.78
2019-12-11,3459226845575.0615,985376662297.4568,893214427354.25
2019-12-12,3862817283178.6445,831410492112.2639,975875394363.9
2019-12-13,3266163735991.587,961582602047.0518,970797087210.03
2019-12-14,3612990612958.9517,1097052311406.9034,1500025599360.91
2019-12-15,3795625220031.3657,1156724674360.7087,1531580312097.52
2019-12-16,3780037666917.415,947906695537.3774,994252835148.77
2019-12-17,3607088746050.0654,862805993083.9368,1105061566930.46
2019-12-18,3622941061801.1294,,1103172260587.88
2019-12-19,3326778165582.8413,,941613421124.67
2019-12-20,3441785681260.421,895489614708.6383,1109952371753.02
2019-12-21,4069049569004.14,1029144242026.1536,1432833115691.66
2019-12-22,3790034385535.338,994947391630.8995,1360558901329.41
2019-12-23,4051158179047.403,949285553732.1188,902790930953.44
2019-12-24,3977982276310.2954,885937303377.6382,872425641350.42
2019-12-25,3458376861821.7144,1045308184870.4866,827062884719.17
2019-12-26,3299968471301.7607,925697067944.221,1210227201793.07
2019-12-27,3950325175941.459,1003743782022.9312,1093259883603.74
2019-12-28,4290308290062.66,1055427713960.5205,1658781399669.1
2019-12-29,4157162504384.0547,1141819529040.9956,1519062514693.3
2019-12-30,4166398102655.936,1034704972632.8541,1257655905495.02
2019-12-31,3419302508612.1226,827153438772.1456,1291735266000.78
2020-01-01,3118104942774.021,998839179998.0835,1255620286098.93
2020-01-02,3443120295821.186,1025125686566.9718,1156276992538.53
2020-01-03,3711178428116.6543,1143549109235.9028,1495860163769.69
2020-01-04,4072769171723.6904,1241096775497.2754,1614328847934.42
2020-01-05,4586083749562.536,1155757030913.6746,1523613534248.5
2020-01-06,4280819579864.6016,1114688723845.9568,1000404746165.97
2020-01-07,3643782874473.089,1010993638448.383,886303165852.45
2020-01-08,3613568438862.344,1084265754202.3098,945684328530.36
2020-01-09,3982960602098.8164,1148328827713.8296,916629072913.64
2020-01-10,4158830535110.404,1101286908439.0322,1121506412840.17
2020-01-11,4508988927050.18,1197729690463.471,1712115308255.91
2020-01-12,4264118090710.705,1286496348235.3003,1585685513665.03
2020-01-13,4287711117222.6685,985678574612.3046,1118926020007.59
2020-01-14,3715124230509.3027,1048040373942.163,963399156623.81
2020-01-15,3883115050211.3267,1135728506409.4856,911234441824.88
2020-01-16,3846304189340.5874,1124457054947.7751,1114417345011.79
2020-01-17,4153270272356.2617,1162744329830.4878,1351197566719.74
2020-01-18,4511141521697.58,1331384219285.0266,1687308055807.26
2020-01-19,4439417391862.994,1264862010693.5735,1614069675114.6
2020-01-20,4088172798964.672,1183306119578.8672,1036944491003.76
2020-01-21,4174558244192.447,1153256981508.1033,919303751895.17
2020-01-22,4004517747788.683,1162735638254.354,963963925701.36
2020-01-23,4132902241594.2764,1217746736892.232,1051898319871.31
2020-01-24,3711923097943.387,1102940128625.9119,1184814155001.81
2020-01-25,4020844540538.4883,1555659716212.8635,1762245345783.49
2020-01-26,4333274774101.839,1462803878237.3557,2027882247326.39
2020-01-27,4092024766051.5747,1258615866035.0068,906242546097.31
2020-01-28,3342582590674.622,831003634677.7948,797275993189.9
2020-01-29,5402608311010.882,1140881903483.6355,1089032115444.88
2020-01-30,4260626368118.2734,1065093859399.3083,892377545631.75
2020-01-31,3359129627008.664,651401558485.7068,1048080254027.34
2020-02-01,3528402033815.274,1137407116190.2947,1277411371778.57
2020-02-02,3676698543440.6504,1081745982155.215,1491703612521.95
2020-02-03,4242342468438.8145,909980641539.4436,912529767149.08
2020-02-04,3980297771763.716,1047878794025.5269,932388207400.5
2020-02-05,3699001980902.739,1046519441395.711,985696620886.32
2020-02-06,3701819416017.725,1018488514406.9215,1179485416557.09
2020-02-07,4565259072815.766,1033146155760.9559,1142423054082.17
2020-02-08,3734787136393.682,1523260753834.7742,1699162978361.32
2020-02-09,4167224900523.9834,1462753597901.4531,2002448061630.67
2020-02-10,4315681791625.174,1202764944482.093,1139809254067.1
2020-02-11,4415590927267.387,1051956887587.2657,1037854250245.46
2020-02-12,3810288695971.487,1014660864723.1958,930068906036.35
2020-02-13,3762977005399.556,861248307864.865,1285823949591.31
2020-02-14,4067292952994.2407,901259481271.6061,1318887622092.48
2020-02-15,4289006274790.5415,1140035641482.5671,1870224929666.95
2020-02-16,3959731610986.564,1062358437192.4791,2035426389812.38
2020-02-17,4124905010936.836,1099377913660.651,1451367199523.16
2020-02-18,3855010017737.6865,1129640552350.9912,1119558985442.22
2020-02-19,4062805827381.763,1259424682610.138,1029265191720.14
2020-02-20,3679976646055.21,992107914183.4414,1097443933532.08
2020-02-21,3889851654498.8174,995157238409.2397,1213215978951.71
2020-02-22,4049871780801.3735,1230326039262.1711,1695967032359.52
2020-02-23,4348944597075.308,1345890719086.5645,1753749516467.88
2020-02-24,4401537613714.974,1004010253452.1846,1012711010497.34
2020-02-25,4284102737272.954,898435186047.082,1118127155488.25
2020-02-26,3961357331313.6147,919613627112.1637,1091074899203.4
2020-02-27,4087444051544.7715,983073213491.3562,1141212823530.14
2020-02-28,3670754573104.1914,1041973822255.4033,1364878232934.03
2020-02-29,3813366553056.355,1261708992506.3958,2248913002857.15
2020-03-01,4239960678387.584,1255478754877.6567,1950979250610.77
2020-03-02,3822308241760.666,1009299390921.9618,1064147317980.83
2020-03-03,3990791207052.4194,928289465778.8815,921204965076.39
2020-03-04,3635990262201.2515,991259011667.9294,939400813933.65
2020-03-05,3602401050263.2715,941408953751.4712,1028889425933.7
2020-03-06,3674861083382.0303,1210231024853.6147,1116159033980.95
2020-03-07,3849246840273.19,1302868468574.8032,1996958962269.33
2020-03-08,3799074279252.6953,1499322055765.727,1661357358651.89
2020-03-09,3755858638799.457,1116360251714.6958,1723013531399.6
2020-03-10,3391789895251.4937,1124109217226.4614,1009333682911.07
2020-03-11,3313426076595.657,998034582318.5486,1091190736768.5
2020-03-12,3432386896416.154,1044513132870.6312,1113723092191.63
2020-03-13,3327327176881.8296,1132404321443.8474,1370739221081.08
2020-03-14,3844656808445.578,1262436626911.4038,
2020-03-15,4018470235097.35,1263337754170.912,1719062265724.29
2020-03-16,3807327469803.4443,1075146766751.665,1200484183902.46
2020-03-17,3755599023490.0547,1112648649407.109,
2020-03-18,3667566830989.1514,1063428023993.7583,1223497615808.38
2020-03-19,3581834446857.4175,993499589043.2659,1199339658424.3
2020-03-20,3604405469899.6304,1145968406080.1848,1273818731300.59
2020-03-21,3485063092063.464,1384559699605.645,1776329828804.65
2020-03-22,4020702642113.3955,1546218695990.9248,2551424761953.22
2020-03-23,3887718523884.048,1180624136801.2878,
2020-03-24,3724804901039.5767,1097890903283.1356,1781513433635.96
2020-03-25,3467596609148.314,1178262719511.0867,1166878459290.14
2020-03-26,3911002038773.623,1178798396581.4587,1394873852537.35
2020-03-27,3882832686684.596,1342441736496.0977,1326569158498.59
2020-03-28,3967715715014.4536,1581399927713.1482,1984501635402.34
2020-03-29,4185324410994.4155,1444578842221.9868,1943281420242.95
2020-03-30,3809422981332.2515,1162682288896.6362,1563723265091.1
2020-03-31,3519194966210.463,1184761442321.2222,1432374950267.65
2020-04-01,3552832645553.701,1189641540550.7412,1429103332169.49
2020-04-02,4053249077111.944,1102807200833.4521,1287430356464.34
2020-04-03,4122545896787.448,1356439974268.4915,1326873976731.05
2020-04-04,4360088101596.867,1789272820263.9658,1849608344274.32
2020-04-05,4454984191218.737,1539033222575.9282,1895322905114.87
2020-04-06,4146669412363.3916,1032647435704.049,1412309550827.93
2020-04-07,3569338444450.724,1045350035224.5098,1421208730110.13
2020-04-08,3942273371228.8604,1105987346157.6794,1400501247776.07
2020-04-09,3715176820225.2617,1029896026937.8893,1437786887446.28
2020-04-10,4151157341222.0474,1149110729764.4968,1736664371171.92
2020-04-11,4557064623568.738,1175739227876.979,1731072722347.41
2020-04-12,4684611567247.872,1080471308665.9534,1813014214604.13
2020-04-13,4205821823813.164,,1480130245387.6
2020-04-14,4979053926467.995,1138248752099.9902,1404858317380.44
2020-04-15,3954988497540.849,915386808676.5135,1370589563043.27
2020-04-16,3998446453355.06,874160812919.2405,1515251305817.92
2020-04-17,3808141972416.1367,1073655374242.508,1540817128331.91
2020-04-18,4354659763434.124,1146238202158.6233,1874112723304.95
2020-04-19,4163079791954.3516,1150884324600.9773,1982662747371.99
2020-04-20,4213009756856.6133,,1229265106712.04
2020-04-21,3797910171349.093,1040959593996.8861,1362629120645.34
2020-04-22,4193046555202.7827,1011085211058.1926,1270236797160.26
2020-04-23,4004622023220.494,977004606932.575,1528074127795.76
2020-04-24,4235810028939.966,1002716685176.4313,1393956107796.28
2020-04-25,4446704391333.678,1175398909297.647,1801651230551.13
2020-04-26,4349929847099.3853,1142999320917.4119,1947245605027.74
2020-04-27,4461577995757.282,969718885636.2557,1243914078745.14
2020-04-28,4273222768410.567,997876805972.3667,1309908306929.1
2020-04-29,4456921001348.473,894218406412.03,1137598965804.06
2020-04-30,4426219840733.025,979733158139.4219,1212997907456.34
2020-05-01,4079767895975.7466,1023446893740.6731,2628857050285.77
2020-05-02,4231999758741.561,1115853820641.8628,1774686555515.27
2020-05-03,4328019089017.24,991245947531.494,1293776366727.16
2020-05-04,3621640060095.3086,845050338307.7382,1240422567540.86
2020-05-05,4516127916983.159,1059041060748.8358,1304863482101.82
2020-05-06,3894190593001.603,1047233459226.2673,1168743122784.05
2020-05-07,4217748461363.4067,1014087786867.1506,1183130932563.99
2020-05-08,3645552636757.1816,1034703931563.4906,1280345787331.34
2020-05-09,3803474801194.4683,1203213053338.5876,1778356251125.22
2020-05-10,4387105209527.154,1199517432120.5347,1511691973906.61
2020-05-11,4095377957802.1235,953911217362.0878,1158674592230.68
2020-05-12,3681261867328.631,999926907749.0782,1379121724799.29
2020-05-13,3851210828211.4155,997849096600.9513,1277044287548.34
2020-05-14,3867107544089.595,973304708503.2169,1214990479748.47
2020-05-15,4110640265905.2305,1127199454842.008,1406611662238.35
2020-05-16,3778855151318.618,1349908044481.1995,2061847650331.67
2020-05-17,4062443341608.518,1174522382388.5132,1555722834753.83
2020-05-18,4087263268864.845,979054333872.0354,1160831734564.48
2020-05-19,3874236772899.079,949782027579.9891,1108945857628.04
2020-05-20,3691309146579.7153,1036057599818.3713,1305710869345.45
2020-05-21,3780432937608.639,1021762028149.4097,1366778461773.15
2020-05-22,3902498613689.6753,1112074509373.7764,1356585297983.09
2020-05-23,4057048865705.9033,1218892272815.491,1680470619511.05
2020-05-24,4203313481977.3403,808706252301.9778,1708427552246.83
2020-05-25,3950521516287.0093,752736752432.4187,1569590076774.84
2020-05-26,3660249973808.269,784860269462.4077,1029219665079.46
2020-05-27,3530023049011.1216,802253820434.1501,1076435635561.49
2020-05-28,3679017797771.1055,762050511376.7877,1340300175705.45
2020-05-29,3805517810768.7095,913629158402.0236,1427134712996.07
2020-05-30,3776670159621.93,976903882873.4011,1614824587621.75
2020-05-31,3703868428347.2544,994820258071.5654,1588685641984.27
2020-06-01,3794025081014.3047,935011191317.9858,950959433996.22
2020-06-02,3524626053155.378,807445168008.1287,2394004834890.58
2020-06-03,3740525278220.4883,756945909198.8279,3910652360442.87
2020-06-04,3728191545939.7266,825501226265.6234,2319616201026.5
2020-06-05,3925768131787.8423,758378237996.4382,2326804712712.29
2020-06-06,4180811660972.0684,877218105335.4155,2240488395154.38
2020-06-07,3932092993388.996,871244177156.2715,2099642529135.47
2020-06-08,3704432001368.4507,766091748580.6534,1249410799740.81
2020-06-09,3764054495012.632,829763493295.5256,1181555231991.21
2020-06-10,3310967464343.58,789801918499.09,1517616378566.12
2020-06-11,3366115931436.4336,853419575165.1438,1048189359944.33
2020-06-12,3483380121464.7295,880116870598.1229,1148151252678.24
2020-06-13,3382103902067.136,932188629250.7008,1513516311814.45
2020-06-14,3750686957493.1377,870668248562.2338,1559297278174.14
2020-06-15,3848170588359.8667,850481194855.5322,1015711808902.09
2020-06-16,3487989548406.4697,810777999153.9908,1109129552313.01
2020-06-17,3632127929742.651,802739793161.9403,995786576837.0
2020-06-18,3671574246851.919,796412457637.1941,1022430316255.45
2020-06-19,3718123553856.68,811311884091.7867,1289041438683.76
2020-06-20,3612899398590.386,906524924643.6439,1494171158196.77
2020-06-21,4019697290773.8325,875818707688.9342,1527964775370.97
2020-06-22,3528146762640.3022,884385040971.9297,1494638472010.91
2020-06-23,3771160551924.522,824699880469.0624,968104238767.25
2020-06-24,3721172252028.1714,742892491563.9576,1369127127885.77
2020-06-25,3749021129417.154,968563575052.9979,985912616229.78
2020-06-26,3710103473954.276,1153239224826.7043,1076057262322.4
2020-06-27,4099017237879.9233,1064999147871.4556,1183364770713.85
2020-06-28,3947243332111.753,1029134558025.7095,1775481480174.26
2020-06-29,3852508267181.755,890517173628.3202,1031702449619.82
2020-06-30,3822883156610.8555,859875396410.5352,1218846275511.19
2020-07-01,4052846735583.711,825935082327.1028,950869597113.02
2020-07-02,3920894362690.537,957643637986.2926,957374283286.51
2020-07-03,3921377594242.343,846670963568.7885,1059114950220.52
2020-07-04,4208515417827.357,924612672489.2645,1320813416941.14
2020-07-05,4489419915452.3955,792921085973.8376,1368645766076.35
2020-07-06,4004604378267.0303,800149682817.9877,1040844475446.1
2020-07-07,3989699467677.384,800088699196.6838,1048324991007.71
2020-07-08,3835622900236.5967,853098295375.6582,1077402098496.64
2020-07-09,4130405729188.38,944819027801.4373,956314327546.83
2020-07-10,4247788489397.2686,870854119626.1322,
2020-07-11,3640296606322.534,1053793060843.5269,1407931080193.92
2020-07-12,4053429164943.784,970772439442.1023,1450338462722.94
2020-07-13,3579096084098.469,1051732737027.5884,1039069671965.67
2020-07-14,3535523802712.7183,1040571450658.362,1135197875773.32
2020-07-15,3644643772696.844,937183797859.4155,1016759621396.95
2020-07-16,4644264603881.508,1097870580270.3804,1426215420325.8
2020-07-17,3281035174154.2827,948445458651.6395,940859126396.1
2020-07-18,3687007353062.7993,1088367689361.5107,1645282492386.94
2020-07-19,3652742155375.916,1019501574422.4476,1397127089076.56
2020-07-20,3697237877396.306,1025843084559.3198,1164692562907.48
2020-07-21,3568392398324.3677,973318469204.284,995305879751.54
2020-07-22,3360511183711.822,951670148549.6129,977622070729.67
2020-07-23,3248549432435.7837,1187864857034.0364,834070963852.91
2020-07-24,3082940897653.6333,1026065255984.9899,1010779816287.52
2020-07-25,3323759786824.5195,1256105477948.079,1255440603535.64
2020-07-26,3387653704140.9775,1022490669081.0232,1253216273225.21
2020-07-27,3264207229487.149,1020061728709.7272,882917929094.95
2020-07-28,3258327051891.0796,963251639476.3693,982919366218.37
2020-07-29,3690978519055.414,1070499860812.6975,889710551131.57
2020-07-30,3041718188793.67,1171457475354.6477,1216968905183.97
2020-07-31,2841395176775.532,1069390753602.1339,1029153031410.78
2020-08-01,3415602715042.432,1193763043899.4749,1495546008186.29
2020-08-02,3407571284033.7363,1033885397838.3422,1437805122581.7
2020-08-03,3335535090294.4785,964581738188.3701,928856423852.38
2020-08-04,3358065269723.5,1003618819525.5183,1294402827960.86
2020-08-05,3298755041771.118,1003782632827.307,1215803872337.25
2020-08-06,2920840265983.422,1301070122392.8958,1717240630812.24
2020-08-07,3271338085705.11,1238474985233.0068,1029183299710.43
2020-08-08,3160286155802.364,1105810318894.0764,1224911127687.01
2020-08-09,3508074594575.4644,986169303213.4585,1417413659948.6
2020-08-10,3532279665232.8633,1037613663920.894,945344554294.39
2020-08-11,3250314795481.835,1023927483405.5786,1039625984894.48
2020-08-12,3024870427730.8633,,843108233898.98
2020-08-13,2933860462029.034,1021796658017.4924,834782028500.94
2020-08-14,2990062329296.2256,954453732051.0175,1158030353333.57
2020-08-15,3216568786408.1333,1021562735085.088,1378576293280.67
2020-08-16,3248595006423.988,1080548327878.5579,1197830405607.99
2020-08-17,2832351632609.4937,961067529532.851,892414026635.96
2020-08-18,3036197978331.1094,986711972170.0024,877797368861.32
2020-08-19,3071511465083.045,970962630882.983,989469011396.44
2020-08-20,2913770937735.7544,936889690520.4208,1088902338905.83
2020-08-21,2925079929335.9507,970709491231.363,1185038672341.32
2020-08-22,2824300913309.0425,1059535420692.1625,1476885434951.63
2020-08-23,3183254660487.24,1053937737582.3334,1535320981172.39
2020-08-24,3440936388118.31,992144084249.4093,1020157945402.16
2020-08-25,3391955104988.6577,1041448720982.1779,1093990990021.07
2020-08-26,2949346766178.0166,985587142952.311,1025949262041.2
2020-08-27,3401362406324.445,989926107317.1227,1079426544126.9
2020-08-28,2768973293459.675,972115877899.6472,935015712053.74
2020-08-29,3104606873393.4385,1011426746290.9888,1291732470307.42
2020-08-30,2984191845483.943,999264078618.533,1274893170515.76
2020-08-31,3277360479221.4985,1047533135733.1614,935865834462.5
2020-09-01,3027122656788.5317,968861464713.8695,914453686859.46
2020-09-02,3130925450808.6143,982348249994.7546,915996802783.45
2020-09-03,3143274795957.6055,919264482039.918,913587697718.57
2020-09-04,3040354085453.5024,902583946392.6248,1370382711239.5
2020-09-05,2818204375707.9985,1011109389667.4873,1191781549798.92
2020-09-06,3169472131098.3433,957308173531.3057,1429688251416.84
2020-09-07,2881870634340.019,1074648187901.226,993920488726.51
2020-09-08,3068264688484.541,943821112165.3241,798075870673.75
2020-09-09,3258838140371.78,927234901033.3668,827207109165.02
2020-09-10,3549878904201.169,1006245795542.4246,899916658469.79
2020-09-11,2663111195922.1753,942753003008.1511,944408626188.8
2020-09-12,3199078165712.5933,1018791126004.9215,1129617008333.23
2020-09-13,3469560994970.1826,961084531706.5426,1176605523779.23
2020-09-14,3357510744880.615,902952366599.6018,1209839894640.61
2020-09-15,3201964649140.0396,919174364361.1707,964630323184.5
2020-09-16,2938277713604.628,1008402033807.1957,960075213269.64
2020-09-17,3351144617470.83,902570078637.4519,947794331161.81
2020-09-18,2865067177802.1187,929319689013.7488,1010537664956.12
2020-09-19,3021829391121.101,1041261611760.0374,1070846842728.14
2020-09-20,3561650943970.0,1015456574682.3647,1542727598974.83
2020-09-21,2901015177656.326,558112119208.593,1113424867896.68
2020-09-22,2963984103359.023,674701362503.7322,919188520978.85
2020-09-23,2970031234510.7407,903229720122.1244,1240392610461.63
2020-09-24,2984452106037.1167,852927005536.5363,1858516817464.99
2020-09-25,2965941487520.8755,943569340815.0876,983379499434.72
2020-09-26,3474334146951.911,1061376927105.1084,1168175819750.91
2020-09-27,3271124086698.546,1016849274988.2139,1471499021780.95
2020-09-28,3442711865384.0425,953140222378.8767,1195787189005.29
2020-09-29,3161856288666.4316,1127778416879.6406,1050485011236.64
2020-09-30,3152459349729.269,1032683693545.0349,877850980095.74
2020-10-01,2932983500672.095,1147996631375.0823,953147589230.61
2020-10-02,3059070895488.316,1155919882145.7083,967565858342.6
2020-10-03,3091527811890.67,1097360886090.0121,1495457546662.2
2020-10-04,2952543507136.8525,1127252031191.2422,1220950518270.97
2020-10-05,3017307285637.695,981645347445.97,1988968076029.63
2020-10-06,2712438972501.112,975091591598.1573,1778806775739.77
2020-10-07,2685013621829.5864,1030625231891.6338,2024646085935.28
2020-10-08,3371551784502.226,1100573724662.8086,1236651276619.39
2020-10-09,3752638668120.5815,,987073479230.67
2020-10-10,3133679549154.514,1155609183810.8206,1343767294063.15
2020-10-11,3192646543805.8447,1185842377828.1755,1968286383593.08
2020-10-12,3458980378480.0645,1114482328488.2273,1077210608786.82
2020-10-13,3117633421021.37,976799982152.6471,1045550848625.24
2020-10-14,2960438411580.222,857105736884.1337,908172027775.15
2020-10-15,3259092216757.9956,879192914623.4332,4375507236333.39
2020-10-16,3119949688390.762,840244687324.1134,1591681395127.55
2020-10-17,3250363701174.6865,915716401708.4047,1737491694987.12
2020-10-18,3735938893545.633,949506940079.2864,1335858135863.81
2020-10-19,3428545762809.101,880505271777.7137,1004287754845.75
2020-10-20,3287298287048.8228,892312006737.7168,855621243136.67
2020-10-21,3313868016069.8916,833008228905.363,971905364160.51
2020-10-22,3490369704122.144,940401722850.1299,1104681389906.52
2020-10-23,3723562815615.322,825494892558.8292,986792449868.15
2020-10-24,3291212109433.862,931569872700.389,1431728745878.71
2020-10-25,3536018894955.747,918776286529.6951,1619221745250.96
2020-10-26,3643446050283.908,888704726942.9966,945794975990.81
2020-10-27,3442004762097.284,914087327683.1625,1133931775138.83
2020-10-28,3062587668814.3423,849795355411.6968,1075963980768.42
2020-10-29,2926873677857.521,778629071666.0581,1036037236291.42
2020-10-30,3363835089187.7515,777931684373.1063,1189163356997.42
2020-10-31,3042420929500.6553,859574058630.0687,1423859935412.61
2020-11-01,3392231343602.317,873465820350.853,1666561262893.88
2020-11-02,3291503147889.9277,596195001823.9003,1184043165687.61
2020-11-03,2990643464767.502,830412796771.9471,987960491152.24
2020-11-04,3032827648711.73,777156888581.0867,1302999315867.17
2020-11-05,2829270538795.2314,930080989263.6605,1163944141026.95
2020-11-06,2929701886350.602,842274983524.3219,1212345304657.51
2020-11-07,3365334833265.1924,905962149110.327,1626136275840.72
2020-11-08,3570668927090.0435,950692353388.2126,1527649316687.46
2020-11-09,3031680230624.997,786752433242.6656,1055841456091.98
2020-11-10,2881435445926.0527,758487871761.2772,1060087239631.13
2020-11-11,3224943700126.619,785613926930.686,1186776082453.86
2020-11-12,3413729124362.4736,839826354489.7379,1068439534334.96
2020-11-13,3545098448807.814,762769494061.2994,1305212242210.8
2020-11-14,3519779408755.3447,944586296490.6898,1496975844780.46
2020-11-15,3333767147251.608,1016477919407.6187,1387904669037.38
2020-11-16,2842698703655.4414,850432386522.4612,994936717661.46
2020-11-17,3022580969308.954,929984263658.406,1153895280309.5
2020-11-18,3050599052413.5967,824630273072.0563,1361966885494.67
2020-11-19,2982280114573.563,830559810183.0295,1175333282215.67
2020-11-20,3101454046486.6426,866386009702.9386,1318283969456.36
2020-11-21,3471485565307.829,815482342251.7852,1727797033714.16
2020-11-22,3293908352214.343,847733548542.3875,2175785797145.66
2020-11-23,3067148676253.9756,789138285965.736,1025353062832.47
2020-11-24,3235904590475.8896,887515620042.6309,1055715182917.21
2020-11-25,2923104297681.0337,777972769722.3748,972162092521.29
2020-11-26,3059074665538.8823,726461650373.5044,1125529978282.74
2020-11-27,2599273660676.41,779091896762.7067,1395773505911.34
2020-11-28,2934702077273.4253,809758446428.1221,1369384677033.26
2020-11-29,3227548675525.791,832681126699.9492,1289570196429.28
2020-11-30,3281975078481.8853,746024689291.125,1004744315202.51
2020-12-01,2845031939164.1865,796012964000.8698,808987738234.95
2020-12-02,2933703468121.1323,755155686780.6279,1031042706356.03
2020-12-03,2817873537845.451,,966353849475.95
2020-12-04,2850455171718.3594,,1117647539170.64
2020-12-05,2978179696123.681,827553381700.3165,1451324320341.18
2020-12-06,2860471400554.1177,810683258441.2405,1326520537855.6
2020-12-07,3137524062444.207,722270748258.1821,1089724676081.35
2020-12-08,2971085095333.5366,729128061548.1719,968491516856.05
2020-12-09,3032848881319.34,717349979793.1655,823520178316.53
2020-12-10,2702615771259.743,692211010851.6163,807729953507.09
2020-12-11,2622815498220.3706,675296386943.9508,982361936524.83
2020-12-12,2655406109880.6377,752169624438.622,1333362049000.39
2020-12-13,2925011226461.371,637841943076.997,1174569565423.57
2020-12-14,2767929466424.5454,633611805742.0502,902302432514.21
2020-12-15,2804799517665.672,658325244557.9117,983473537166.52
2020-12-16,3004981801954.737,717629922559.6693,1084291319658.83
2020-12-17,2526184484098.7485,715640658415.628,1085364460783.14
2020-12-18,2655054298795.685,652255196867.8586,1004688565465.19
2020-12-19,2444985460189.5312,697210468711.9221,1287492334878.74
2020-12-20,3320473270352.7993,737860066805.3632,1462006595893.85
2020-12-21,2811584374084.7344,642261532826.4559,1155403693706.04
2020-12-22,3100735180393.624,696957939290.9896,980552962210.54
2020-12-23,2933362260371.092,678395966127.5197,1087208590325.25
2020-12-24,2693434293721.032,664760768387.0292,1350934400888.57
2020-12-25,2611367099417.8105,624734942449.3857,880484189218.47
2020-12-26,3120224460245.5615,,1115213987229.89
2020-12-27,2943352788207.679,818687208468.5331,1141868824372.31
2020-12-28,2922124197797.812,685909394853.2324,1130284697819.36
2020-12-29,2905874650481.7646,728992636250.4778,1019251049741.1
2020-12-30,3408608937174.076,707231936288.9303,1189788701459.68
2020-12-31,2601330043344.233,615225850367.368,23256440208666.16
2021-01-01,2749190940617.054,647337320649.8323,1406464341419.33
2021-01-02,3549020397582.2935,803346554024.2975,1877331569733.25
2021-01-03,3248938200062.675,732191710194.7478,15352185000804.89
2021-01-04,3094076298585.897,702658900695.8613,1097837408888.56
2021-01-05,2887030347237.8467,744992780925.2705,1043035413311.01
2021-01-06,2663026283162.8276,741706776711.0297,1159550261223.4
2021-01-07,2912767995787.1265,750097886277.642,1059936963349.32
2021-01-08,3056802072597.9214,804606907541.8182,1426314932957.23
2021-01-09,3021276420055.686,845754900429.4381,1358198214084.11
2021-01-10,3008907288463.4507,767774776148.4504,1812179271696.67
2021-01-11,2979500207270.4565,783856696565.0212,979871430142.66
2021-01-12,3094614595279.3906,737069907391.7853,1022391380429.7
2021-01-13,2937113928130.434,754615419478.4558,970673770654.1
2021-01-14,3219881041892.8438,773936833144.3522,1091631509666.98
2021-01-15,2795095381984.0264,771651938106.2207,1096731622614.2
2021-01-16,3032374755718.4546,805218245415.5142,1519167801750.85
2021-01-17,3730707154181.1245,766838326643.0018,1352874578931.41
2021-01-18,3084490562375.9844,785740109411.4828,1142655959148.71
2021-01-19,2991227467600.535,785790262739.3633,1018277731780.16
2021-01-20,2894432928177.574,781077802693.4792,1419754231954.49
2021-01-21,2918659482680.5054,731705868944.6118,1002053700395.63
2021-01-22,2917596504085.513,744255511574.1985,984252538396.65
2021-01-23,2856347731409.915,791936252937.3766,1526832309625.81
2021-01-24,3237938615623.3853,816383850819.2656,1456708651581.59
2021-01-25,3271668475299.528,,1178413323500.53
2021-01-26,3212874404334.221,,1277767590496.57
2021-01-27,3193947453101.0303,749181167559.3304,3427343728950.17
2021-01-28,3169195636511.9775,773707149463.5602,1169290249569.46
2021-01-29,3341606003856.417,762192274121.7286,1156666231673.14
2021-01-30,3365971885111.6665,813097018057.2224,1539563390129.03
2021-01-31,3246580701617.7876,833149173543.5262,1772989255458.14
2021-02-01,3289905926060.125,781405740637.5391,1242266256876.77
2021-02-02,3594288648484.3057,768893311711.5829,1212552788599.35
2021-02-03,3103315700289.2803,706227678762.7808,951031246624.72
2021-02-04,2913912793484.8364,778745921131.9795,1123130823093.41
2021-02-05,2734307659311.7163,,1205945416036.06
2021-02-06,2909649931532.474,740400763694.6152,1543604649935.75
2021-02-07,3345036897506.318,756924264872.4822,1713701253033.85
2021-02-08,3175491318178.3145,,1201799228908.41
2021-02-09,3392927547959.2227,737558016549.7931,1135106072733.65
2021-02-10,3198530693123.694,736428080514.4524,1227630317621.56
2021-02-11,3180549558222.655,693354480564.6018,1220435920394.07
2021-02-12,2970770675013.0293,702396972058.047,1458645560683.14
2021-02-13,3046799926430.602,772238195226.1497,1723764158241.05
2021-02-14,3213497074575.765,747290966089.4067,1653591858798.75
2021-02-15,3242594212124.27,754805424901.0969,1188468174883.55
2021-02-16,2999899632957.3057,779172656526.394,1100505059714.05
2021-02-17,3021279995851.9023,737028588576.9971,1435970192929.42
2021-02-18,2952376626097.312,771622735026.6189,1440176930775.33
2021-02-19,2697033853506.2573,704042306318.3865,1179492441797.41
2021-02-20,3059947733884.4385,751537355439.4287,1280857360179.88
2021-02-21,3181513381660.1255,734973698361.6873,1821046436542.2
2021-02-22,3227161019356.696,810045904476.6382,1361236112144.65
2021-02-23,3283063120857.417,833105850538.8018,1157296878697.51
2021-02-24,3074753403309.6562,813851073356.9043,1250296593397.52
2021-02-25,3100003313176.795,783717256478.6277,1186566722342.95
2021-02-26,3053016540721.39,772729535089.4343,1268694926626.89
2021-02-27,3267784473847.9575,841724056788.2312,1529333121948.67
2021-02-28,3523945191077.172,816541767976.0945,1584226332942.01
2021-03-01,3707292489806.8774,822993502302.8293,1070967306721.93
2021-03-02,3209418422668.058,804669949038.104,1196444329279.2
2021-03-03,3165694036549.5127,749037828919.446,1345944674966.22
2021-03-04,2831889125553.041,752371718695.6244,1050561347557.57
2021-03-05,3241107454246.301,742186019617.8038,1266530124579.48
2021-03-06,3386834418220.107,844058268941.4999,1880419431444.14
2021-03-07,3262991587601.8945,917169595492.3291,1753368021339.2
2021-03-08,3477632442090.1816,773585017261.0834,1095149168888.74
2021-03-09,3389237778549.7656,787572819448.6877,1045643318015.13
2021-03-10,2953181460547.4507,828905121234.204,1269798172026.84
2021-03-11,3253525674446.751,808592036872.7898,1188945616357.82
2021-03-12,2993814162439.457,823301154682.2422,1410129082699.3
2021-03-13,3297879077342.0967,879333915235.863,1740502377234.01
2021-03-14,3264608636940.898,835840169691.5331,1738687335143.42
2021-03-15,3479227517497.66,814649179947.3075,1445310656973.42
2021-03-16,3076756185667.114,890716904848.3617,1306110910542.81
2021-03-17,3141235035077.926,881184030975.8132,1112007734039.5
2021-03-18,3290428733854.7534,807380650474.8525,1241129577524.86
2021-03-19,2937593758744.003,839236956119.3083,1360858051302.24
2021-03-20,3220176262489.2373,817715057749.7112,1447366766581.84
2021-03-21,3701282038325.174,856235892317.8236,1546057383815.49
2021-03-22,3302242140521.626,764512814479.1017,1335430036799.72
2021-03-23,3069421977476.5244,850644550450.3312,1476627574111.98
2021-03-24,3412174836128.143,850285992845.0503,1198541538141.28
2021-03-25,3119886616873.6587,843385389953.8915,1026714934561.76
2021-03-26,3434018653309.505,810382977391.2004,1309352758631.26
2021-03-27,4115907231240.3125,917207136415.373,1456846977543.41
2021-03-28,4255078769423.7686,934290212307.1737,1762502105496.2
2021-03-29,5999619371294.655,851147621494.2081,1483439238413.2
2021-03-30,3724578059143.9136,868461957415.7838,1387731956122.89
2021-03-31,3752919396649.5293,903443674939.8024,1061102668627.13
2021-04-01,3934833297266.2715,,1170602020751.45
2021-04-02,3507260965917.6865,,1304513506079.96
2021-04-03,4160688953784.5483,981184707081.5334,1497192175612.77
2021-04-04,4302131054936.9,923298346227.2931,1289915608018.34
2021-04-05,4475728451087.735,992190141758.9552,983995350059.45
2021-04-06,4041696581243.712,920877258484.2096,1909865844329.25
2021-04-07,4188847170878.688,922986435395.264,1024436349142.88
2021-04-08,3828883494409.244,936535447420.8383,1069167120937.76
2021-04-09,4297663943175.793,939143677816.6875,1106748569051.5
2021-04-10,4546799384295.296,1055709912081.1311,1427425426711.06
2021-04-11,4429963750125.376,1039241686011.414,1463702893925.46
2021-04-12,4593786254689.888,1003558636968.1176,1049573723779.11
2021-04-13,4380824164817.2197,1021715936451.5815,1152087264951.62
2021-04-14,4046129057384.7754,1009886515481.6237,824447330370.13
2021-04-15,4319310910813.998,1040866912438.152,905683297016.41
2021-04-16,4111608328175.066,1038514078060.9767,1024340730913.01
2021-04-17,4359810594248.8613,1141610439916.1672,1401910831562.53
2021-04-18,4644996877107.81,1124365656970.7214,1291107874904.62
2021-04-19,4665674403289.622,944294999428.0205,878274196429.53
2021-04-20,4178237874588.683,1146788229207.6953,971502756752.63
2021-04-21,3909654699566.526,1145892382329.8142,994519998140.64
2021-04-22,3922120315518.4546,1241712699944.259,1047883653587.79
2021-04-23,4527392082256.718,1130912139959.5889,1234152590407.17
2021-04-24,4460104720112.796,1225032719526.326,1361938974678.05
2021-04-25,5712285639783.185,1173384359455.3142,1103691195032.3
2021-04-26,5010262887753.0205,1166210794474.0945,909764969328.2
2021-04-27,5105311525775.442,1238575785238.25,998586778811.84
2021-04-28,3674089856399.0254,1243200529130.634,1065239061775.02
2021-04-29,4037610069961.783,1272797795131.535,886251815279.61
2021-04-30,4504239535694.977,1208505266288.603,917459759229.43
2021-05-01,3787096468035.8647,1273070727564.8684,1185869767127.67
2021-05-02,4345933672953.7246,1216097233091.5342,1228495727652.88
2021-05-03,3754752902080.6045,1124761133790.293,935197712388.39
2021-05-04,3466493711407.6562,1137022590798.906,910008902750.03
2021-05-05,3139272529085.0356,1133075859654.6118,1042438861547.34
2021-05-06,3308846073990.5405,1107978389425.6702,947828548327.89
2021-05-07,2967906493660.776,1081623199137.0283,1141458320715.64
2021-05-08,3208933917000.0967,1227164539958.537,1173761660971.86
2021-05-09,3042213039108.5503,1069835672850.308,1023664981494.36
2021-05-10,3240198939720.096,1211480764530.0107,1020556965030.76
2021-05-11,2860987704933.073,1111912523271.7844,903543081769.15
2021-05-12,2667616652918.9116,1194375097162.532,757956714127.92
2021-05-13,2795491454429.031,1162530711176.515,962959797003.77
2021-05-14,2737233927772.2544,1043278573287.7711,901397968348.18
2021-05-15,2720006858460.7935,1073807690214.3285,1398219009043.73
2021-05-16,3118515290830.1875,1054342805679.9508,1288541649210.98
2021-05-17,2787586971873.4043,1063801255727.8276,867620628238.82
2021-05-18,3016835248138.6343,1054004066017.4358,1109679425416.1
2021-05-19,2549589965540.5205,1010726699863.6667,854972510859.62
2021-05-20,2605281259349.592,943866104085.0461,930383441631.59
2021-05-21,2443359079160.0547,1009638800815.769,948631196593.68
2021-05-22,2475273146918.415,1068274341925.4653,1369435449078.77
2021-05-23,3135132771533.546,1028760133313.962,1275258497787.01
2021-05-24,2903891058345.633,983712231156.618,1024242718014.96
2021-05-25,3140149102419.3213,1034559492393.4773,760442670847.65
2021-05-26,2757759904822.8125,1008837271486.8782,918812844847.32
2021-05-27,3005867926343.317,1022671575028.7299,757012068997.04
2021-05-28,2759327101038.757,1012741440861.1204,1069030506226.49
2021-05-29,2758389985412.0874,1096343075921.934,1033583389074.27
2021-05-30,2822666390137.136,1042173529099.0133,1049771965746.64
2021-05-31,2585188932766.0366,998783382302.31,829140519079.92
2021-06-01,2462075640821.0967,933922908940.4972,815747698251.55
2021-06-02,2339520028403.5107,975875123757.2319,714453769819.93
2021-06-03,2417010404016.7583,1000441076139.1736,815205644617.61
2021-06-04,2300745410427.5977,1002082543562.2363,895665189593.47
2021-06-05,2489883371310.7866,1058913771710.9753,1419208591557.89
2021-06-06,2626752017029.6133,1041924392780.4406,1173477982004.29
2021-06-07,2515486362958.2095,957771102301.3898,864037661774.82
2021-06-08,2293183852927.3843,930461766575.6458,948549657151.08
2021-06-09,2230060491388.562,996368709405.8801,891491489106.99
2021-06-10,2260179319649.7935,876650492063.5806,853419683119.29
2021-06-11,2596907693717.982,910888614627.8632,1091748593562.01
2021-06-12,2583222071338.287,1100557854614.0813,1174802298407.93
2021-06-13,2997330041585.887,948025545292.5825,1212985849484.57
2021-06-14,2715590378908.796,918213611295.3711,795899620521.63
2021-06-17,2117356938590.046,890347218358.8663,785266321696.31
2021-06-18,2320301290807.49,898136076303.6495,888778664667.66
2021-06-19,2346623792592.4204,995585882473.372,1046094177402.03
2021-06-20,2280046698682.032,887333497353.0754,1017653643859.06
2021-06-21,2412843352270.2246,850535230579.0825,727124271006.43
2021-06-22,2402424772992.9106,867116293521.7363,757552870130.89
2021-06-23,1971223748199.2268,822330355418.8704,756914846999.98
2021-06-24,2311039321311.1533,809615936038.2526,773827569366.42
2021-06-25,2601386150088.407,826275094932.0264,760992859280.52
2021-06-26,2371948973759.6523,1013600523230.6426,875693827364.33
2021-06-27,2476037278874.2036,901967668583.2909,1088418892830.89
2021-06-28,2512599483194.03,823657855657.5704,777907393195.63
2021-06-29,2097413941320.366,794962590141.9597,855723747095.86
2021-06-30,2270007652012.1396,813292019673.8585,798995357613.7
2021-07-01,2343937158322.2505,736215262206.75,796734966202.02
2021-07-02,2464404338035.4814,722729781959.6113,811727299224.07
2021-07-03,2217587397246.036,836992276814.4788,956680076838.03
2021-07-04,2321520541678.258,766383546578.5907,911422479712.6
2021-07-05,2041080953560.1794,714205801058.0758,750260271502.61
2021-07-06,2145418955854.454,716861634850.0448,749870322000.27
2021-07-07,1960727407301.1267,672451463790.1998,664419475469.54
2021-07-08,1959771480429.164,644486625580.9686,742608851367.65
2021-07-09,2386586336770.5903,681740008577.9052,752440722020.03
2021-07-10,2448788051916.469,721492584924.6765,840409642702.3
2021-07-11,2317206973148.3726,713214054905.5472,1046685780209.84
2021-07-12,2119233735187.8782,694595556673.6371,677405787736.16
2021-07-13,2287409863345.0547,711958920021.5272,699433978278.37
2021-07-14,2078511001392.9446,701144249320.7579,846656636130.35
2021-07-15,2030269705530.494,672704824148.824,772226214551.39
2021-07-16,2221245288969.938,685022092059.2701,775225161756.28
2021-07-17,2250796770083.144,830513315074.8351,985473365057.35
2021-07-18,2219515991436.4214,697254590339.1042,1028707970808.08
2021-07-19,2216472244840.975,693311124249.3901,923129047892.83
2021-07-21,2050189620342.6907,753001072950.7319,707132349703.51
2021-07-22,2040904949243.436,614578347303.9056,785555249090.41
2021-07-23,2245215090270.6567,753789053942.4569,950474513632.12
2021-07-24,2176542719129.5503,790579823904.9817,993983630534.93
2021-07-25,2139022626483.1074,716282551797.9042,1011794330412.12
2021-07-26,2587375315199.8105,732492509833.4368,707150637151.23
2021-07-27,2546864622278.782,713870814654.8114,723223577618.85
2021-07-28,2921730380320.5967,742844200207.4574,726352124430.93
2021-07-29,2532411026440.8457,701463072078.302,1399766639707.46
2021-07-30,2690599976765.4883,740799592751.133,891131469211.6
2021-07-31,2434362894115.378,859319798474.8655,1067132536012.61
2021-08-01,2561621208649.173,757737965706.9044,1188260509680.4
2021-08-02,2481954210920.093,667316113390.5718,949193593561.56
2021-08-03,2195189784552.2542,679709555219.618,1167349289225.99
2021-08-04,2196750642698.2944,674419812372.2286,988464792755.39
2021-08-05,2284812383383.9883,646153799045.5886,1050606792039.49
2021-08-07,2324768353662.486,800941744894.1646,1295198903501.94
2021-08-08,2465161988185.468,717573178104.7539,1351309077465.07
2021-08-09,2257124082330.175,732731884788.8226,1022252848550.41
2021-08-10,2283082613690.1543,722501408438.1473,1248006857912.12
2021-08-11,2321206325932.274,721150643561.0709,1926842717432.71
2021-08-12,2402476915365.381,716340139212.7255,1470478846666.73
2021-08-13,2485389998738.5283,737659973312.8357,1104669689661.46
2021-08-14,2344059345195.645,845852596518.4636,1229108876567.02
2021-08-15,2550415332830.078,794465523954.0197,1246631414709.73
2021-08-16,2831775950101.978,766806801610.6133,1052227652469.5
2021-08-17,2255357959633.0586,828979988806.916,975603798772.72
2021-08-18,2485194819780.6436,763243362194.1522,1119308532051.72
2021-08-19,2590807998236.871,790090857519.5426,977269143003.34
2021-08-20,2836911744459.6167,846743031337.9751,963907915556.1
2021-08-21,2689976551126.5903,957711923795.9332,1186204862692.5
2021-08-22,2544095080560.303,923600579401.1301,1229889194873.76
2021-08-23,2657875456514.519,855509145080.0271,927331973006.89
2021-08-24,2668435465039.8813,663599505893.5411,1316848990624.73
2021-08-25,2466939164068.595,810587287513.5698,892939424577.36
2021-08-26,2549549394432.35,787019054688.1797,1002897706326.4
2021-08-27,2994893391903.0757,812845029327.6663,909948110677.79
2021-08-28,2768313990642.945,878597435947.3219,1294494891214.74
2021-08-29,2647400910676.2104,869292133003.728,1361292717513.72
2021-08-30,2954493555351.169,893538047513.8812,1009188961547.55
2021-08-31,2594539490269.1763,841539862490.4832,850488588019.65
2021-09-01,2562125175365.44,821664518723.427,967248990168.59
2021-09-02,2424800862695.5127,781561076586.1195,791732870092.45
2021-09-03,2782773348799.1963,882784232658.7012,965442348380.71
2021-09-04,2994065314453.3223,911880975119.0427,1198729139401.18
2021-09-05,3053761239458.711,860922601098.1244,1003992740123.07
2021-09-06,2307807328129.307,871462546456.7052,961221878915.31
2021-09-07,2559904865328.7646,846915974027.5364,959305125410.89
2021-09-08,2502994243721.45,1337486551575.3418,880161544923.89
2021-09-09,2918603656089.797,917047171091.6938,948113488806.33
2021-09-10,2655626993550.9307,1783371560051.1758,1160563312027.72
2021-09-11,2691936402490.13,1048916029248.5308,1417954533191.48
2021-09-12,3041883682844.382,1266028609439.0208,1224786633327.83
2021-09-13,2669018527435.051,2026939290773.0225,866787802310.1
2021-09-14,2408360810219.7236,1483838922111.8403,876979129354.1
2021-09-15,2422043790163.651,1463938861418.8052,832437552450.25
2021-09-16,2498180789114.0464,1151403531009.6184,909089481441.53
2021-09-17,2760278460408.9385,1541820658376.464,1744478382116.81
2021-09-18,2546848393314.3433,2166996869526.4268,1119037737228.26
2021-09-19,2980866030065.8765,1181367359120.779,1193722075981.69
2021-09-20,2820209512570.8447,1198083545014.879,1051561180826.2
2021-09-21,2649198863312.417,1238565632138.8953,1055491786118.24
2021-09-22,2684308081003.4497,1198834501388.1055,899442968958.77
2021-09-23,2681188932635.0063,964086738997.3032,769297210815.54
2021-09-24,2879268561186.1504,1085212901519.002,884073478177.06
2021-09-25,2874949068950.8086,1297715612874.4055,1260014059648.37
2021-09-26,2798054151676.752,978986441006.3976,1424541708602.84
2021-09-27,2756953483559.307,989547871191.7445,843746302897.58
2021-09-28,2762861138833.121,915345865048.4948,876170489600.08
2021-09-29,2517709384831.095,918373872530.151,821693847351.37
2021-09-30,2432281127864.059,816273111505.3064,770707257508.54
2021-10-01,2557314759874.5957,962813329022.7474,942507293097.01
2021-10-02,2791285472811.9614,1195675387875.0535,997442565782.4
2021-10-03,2770909597299.922,1149833909450.7458,1178724374811.11
2021-10-04,2516694869153.097,1249179136199.6284,903373914586.32
2021-10-05,2491455690326.5083,1625201905256.1155,922737649037.76
2021-10-06,2717176957179.638,1598977363567.486,828865650426.3
2021-10-07,2519388603493.9165,1547302757517.3054,873443602037.63
2021-10-08,2377517955676.876,1475536034727.1501,911584325826.45
2021-10-09,2627136770740.7637,1710053542379.3235,1121114233665.45
2021-10-10,2599354575510.3066,1682618091272.7568,1196339290112.63
2021-10-11,2166936224328.0806,1653693889895.9536,849644352808.82
2021-10-13,2404119832618.42,2257884348401.135,803332096643.44
2021-10-14,2460796185015.256,1516798576626.3372,906777777367.14
2021-10-15,2391157445636.9106,2021503666507.639,918852120115.62
2021-10-16,2533427559266.4644,2622839109962.7417,1415238298368.63
2021-10-17,2732037911003.1543,1537352764737.9387,1320487731302.51
2021-10-18,2507461825795.306,1512800067267.6477,870681538559.12
2021-10-19,2400699262764.8667,1387514031494.3271,887234719251.32
2021-10-20,2255007838786.008,1384118198940.066,780866248917.37
2021-10-21,2265319096347.307,888800809901.9396,827624888805.62
2021-10-22,2432422862533.067,1756084422261.4988,1047876815649.35
2021-10-23,2365628241932.445,1930698242693.834,1121687613293.42
2021-10-24,2412719146915.2246,1338712112221.1167,1191232100525.06
2021-10-25,2430602855355.2026,1612572253450.3484,862700752463.3
2021-10-26,2637524084740.117,1959643195182.6604,911925367589.44
2021-10-27,2115777579889.3884,2101741960939.863,866326351666.13
2021-10-28,2094204055279.1887,1495482416011.549,1118956949783.54
2021-10-29,2294859982371.6265,1340476544286.844,995701039052.95
2021-10-30,2360072452917.438,1769675191704.639,1259638431751.93
2021-10-31,2600145260918.9546,1081017287896.6461,1248789091413.71
2021-11-01,2444316565375.763,1420626387305.9636,1017774713346.46
2021-11-02,2209444810804.826,1194213832327.7158,961210404509.18
2021-11-03,2304098591627.3027,1654423109776.875,935423728819.91
2021-11-04,2158808923564.6099,997337965642.6544,945360682546.12
2021-11-05,2499066377500.2104,1656347565091.8906,970824968022.25
2021-11-06,2410999185734.066,2551434381333.149,1460004591196.46
2021-11-07,2647423093808.745,1556937797887.79,1386319398142.29
2021-11-08,2245907123080.5166,1602260335853.654,1134258262737.67
2021-11-09,2240220214138.3945,1807269093625.1704,876060227604.59
2021-11-10,2413579642120.4033,1751037791935.3967,789451072155.89
2021-11-11,2301603402016.634,1708796402759.3596,886895215002.71
2021-11-12,2509898987292.899,1394772826830.3179,1106085270209.46
2021-11-13,2422780535582.8374,1538446212008.3787,1294115613677.23
2021-11-14,2523448307166.695,1428068323697.3047,1468164536717.55
2021-11-15,2665842762504.1934,1180646038024.1362,767517611431.63
2021-11-16,2544658367550.8765,1059218618176.6599,883725694139.8
2021-11-17,2519172940538.0205,1162228451131.569,912264331395.13
2021-11-18,2332665904864.899,1130520146862.299,787997556621.12
2021-11-19,2733291367184.7725,1135145187213.0586,863084502189.67
2021-11-20,2534876408377.5444,1647594071055.4158,1274941556837.75
2021-11-21,2862765496144.188,998163411436.0359,1135828171081.8
2021-11-22,2497723671727.1997,1143464633728.8223,799790041792.24
2021-11-23,2396219694844.572,1157233083049.7617,834524332151.11
2021-11-24,2337357183662.545,1048681146720.3075,785949511644.26
2021-11-25,2251353098498.4526,844436870495.5868,881694200613.19
2021-11-26,2752782372072.515,1204244571399.3953,996436519339.45
2021-11-28,2659826024086.0356,1242647964166.8718,1332060995067.84
2021-11-29,2429367951991.0396,1071092780267.1167,801856884298.45
2021-11-30,2492228035708.2163,1088052916859.5819,783891824513.48
2021-12-01,2563065068829.61,478988086098.4294,768253398248.79
2021-12-02,2525722411310.0674,931685787805.4948,789797079811.92
2021-12-03,2415251350456.381,1039797983333.632,942809403248.94
2021-12-04,2320399677915.494,1103354484410.3079,1249725831674.01
2021-12-05,2789113653706.347,1056857271735.7869,1339314696557.8
2021-12-06,2669704718417.537,770705902758.5583,816304906333.86
2021-12-07,2491446950589.5337,828192745865.4738,894629260700.75
2021-12-08,2608689226804.3594,888542614501.235,910152842140.14
2021-12-09,2464348038210.01,781308001196.5957,1003739437694.31
2021-12-10,2409942927168.772,815212162574.4668,992509137992.6
2021-12-11,2802603005164.5527,1035454469385.0834,1478710785801.64
2021-12-12,2649266244610.3086,1021715826929.8888,1182083301337.83
2021-12-13,2575494751041.7573,800965891571.1415,938736155227.5
2021-12-14,2533002672439.153,736699833446.9806,867940495576.1
2021-12-15,2599653731126.022,792136013850.1925,1024144130471.22
2021-12-16,2619580462378.6963,851780166656.1504,929279172698.88
2021-12-17,2869286457298.914,980534906654.4579,1235005517655.45
2021-12-18,2990437101397.8677,1040061407169.8219,1381331096587.05
2021-12-19,3130086721305.4062,1016149808488.7643,1324941637499.36
2021-12-20,2782608189096.251,882146520305.3232,971476916951.71
2021-12-21,2706567760040.825,964701153991.9219,930761519759.23
2021-12-22,2523941069261.2344,936677642711.7278,931163130975.32
2021-12-23,2647349684163.9785,914139838881.5215,954406732181.96
2021-12-24,2949481865941.6553,863766682256.5941,877821960748.62
2021-12-25,2450595959418.5356,957930687367.6466,905944571539.35
2021-12-26,2695412334211.144,917248584945.4749,1032004700691.87
2021-12-27,2419380730547.271,934941855419.5425,1024589530200.0
2021-12-28,2621195194476.849,906437583081.9111,1075378960575.65
2021-12-29,2699700828948.2666,613637002442.4221,1021125783722.54
2021-12-30,3361383531708.064,880045450452.678,1124227565029.03
2021-12-31,3141969616875.6025,804828240514.245,941193162912.17
2022-01-01,2626925707949.508,972045045836.605,1229455418528.24
2022-01-02,2581850597306.4487,949427313130.6158,1253480802142.37
2022-01-03,2568932520535.204,973761480527.7793,1024179386180.61
2022-01-04,2841379955357.0283,908115318492.7668,902806065682.92
2022-01-05,2790327863584.2183,847541133881.8615,1014741239014.57
2022-01-06,2807983072044.2935,820520699087.4747,1130914443930.2
2022-01-07,3060225347545.2505,1102195262477.4766,1035079876257.99
2022-01-08,2915874452592.9463,1296466719370.3733,1573900034765.81
2022-01-09,3270298780903.8813,984928860852.4768,1360301499090.85
2022-01-10,2591411389604.471,959123360194.3606,1033094242273.17
2022-01-11,2577720512801.7876,1007496639279.8025,850120682558.24
2022-01-12,2687429975873.6636,1056126784068.4015,990222710810.94
2022-01-13,2920936070661.1445,964016178338.0598,861974078279.02
2022-01-14,3086467318330.4995,943610504482.8191,1022063667980.53
2022-01-15,2870743857065.2656,1357017928499.0364,1401530698362.35
2022-01-16,3260155556760.306,1127058310183.4995,1392781372647.23
2022-01-17,3086096634215.4766,1093839841494.5426,1151695678589.54
2022-01-18,2903686523568.256,1032168556179.9973,870112889209.39
2022-01-19,2729359733922.552,1038030331366.5348,907754453865.16
2022-01-20,2736047045520.3374,1005112372468.76,879669559785.89
2022-01-21,3057734056218.702,1144372933657.3403,1032159772175.05
2022-01-22,2825742672116.948,1261721144288.769,1303339704157.77
2022-01-23,2885474476622.241,1043930168692.2273,1428504471823.33
2022-01-24,3068901850708.3706,1016933243629.9812,889612093260.42
2022-01-25,2726899297366.1377,1041553576809.2922,829902562878.29
2022-01-26,2997535863250.745,1055342834273.6246,821355503004.4
2022-01-27,2920605614166.39,996307064386.0372,954304333171.53
2022-01-28,3077087592090.659,1160342935925.7827,1282694720196.67
2022-01-29,3028656153899.313,1382016171279.834,1196114854846.82
2022-01-30,3221783651163.4014,1190203118789.0637,1207607652533.98
2022-01-31,2875166566627.7207,1104375720914.1196,824912823633.68
