history_date,production_isk,destruction_isk,mining_isk
2019-01-01,5087849708462.761,1286211647406.05,1831586444220.8354
2019-01-02,5371248688706.399,1193095455106.14,1812047959736.3923
2019-01-03,5016575682516.852,1138683309504.35,1994656413842.216
2019-01-04,5261996815854.651,1326690437943.73,1919876399066.3867
2019-01-05,6386857229132.888,1880315842897.24,1835361961923.9329
2019-01-06,4935689474762.598,1485338460810.96,1869786789855.0657
2019-01-07,5411201569537.479,1249859623236.58,1800732333811.389
2019-01-08,5014443102488.517,1034727091939.02,1880690590205.9631
2019-01-09,4790403555665.261,998775923719.2,1817394975300.6506
2019-01-10,5527709629172.703,1180250493055.9,1836186071369.5215
2019-01-11,5472070878088.005,1011792696747.99,1861351405644.6538
2019-01-12,5024847251365.021,1985844939572.98,2019346196338.573
2019-01-13,5204754428306.145,1871783935528.97,1591990497830.4458
2019-01-14,5466997506236.575,1078138817300.9,1793237786466.611
2019-01-15,4963709037671.387,1000039324733.22,1715571494733.4038
2019-01-16,4994630810798.574,1772506361575.98,1782364522803.5564
2019-01-17,5172592585878.281,1105042374662.93,1814676433340.842
2019-01-18,5231629652267.1455,1172108430046.72,1883300945852.2917
2019-01-19,4932863401256.919,1627619483818.12,2202408096176.051
2019-01-20,5339688479533.19,1713175335605.8,2154601288776.2034
2019-01-21,5195178253642.996,1197968806799.13,2138433986512.764
2019-01-22,4713143499215.997,982486967543.5,1947046936459.0532
2019-01-23,4773437482547.892,1114796158888.06,1860091898351.5046
2019-01-24,5531335313948.042,1096896665900.26,1954350327221.9883
2019-01-25,5047931844969.449,979118698930.57,1996883838146.8445
2019-01-26,5224165150149.943,1934939165424.06,2236366382102.015
2019-01-27,6139135785745.83,1419752305897.61,2124282843171.6677
2019-01-28,5010045762897.552,1004576133117.55,1891389459331.7502
2019-01-29,5621797763337.534,1369660226342.56,1899372100944.443
2019-01-30,5110087421634.329,982781081256.01,1996611104951.6875
2019-01-31,5081681909074.299,1069113316763.51,2091143206256.9375
2019-02-01,5137485532206.709,995415351053.54,2088730354603.812
2019-02-02,5701550920314.221,1891683063238.49,2141993462758.8267
2019-02-03,5360558133313.737,1579143929544.61,2287834664461.63
2019-02-04,5824664961244.549,898101375994.67,1884626373046.468
2019-02-05,4597718676429.281,1089858209459.44,1689507371761.9666
2019-02-06,5172571431123.238,1090552099399.6,2021834286121.1145
2019-02-07,5026849906539.27,947910979611.59,1952676915151.7053
2019-02-08,5564971471517.414,956044975046.16,1986179113107.7788
2019-02-09,5674434519964.511,1663168772375.24,2285265729996.3784
2019-02-10,5430590294921.501,1250319325908.04,2576724078194.867
2019-02-11,5166952666458.911,933457445847.25,1978077198418.2332
2019-02-12,5438198979207.544,1118918117035.9,2042741635106.3875
2019-02-13,5235173344486.256,,
2019-02-14,5117116697679.578,901033661307.17,1924568501661.5388
2019-02-15,4842456419974.145,961719771159.57,2058352812967.5957
2019-02-16,5279173019620.324,1756453471590.47,2295518067657.182
2019-02-17,5382082512048.812,1698124388064.17,2279562870258.8438
2019-02-18,5460201120560.334,957741104787.73,2083754624497.9932
2019-02-19,5128654002393.086,1042477355025.67,2030446241740.624
2019-02-20,5532782902277.13,1031503557545.99,2237658588122.799
2019-02-21,4947000611169.618,992188360458.34,1770771180616.452
2019-02-22,4930606005453.458,1056483238284.1,1718444819037.102
2019-02-23,4730407443040.534,1608461118324.86,1892185896612.9722
2019-02-24,4742967827331.453,1693374993102.96,1982568750263.07
2019-02-25,4844040355517.744,959431401637.49,2554593139168.579
2019-02-26,4889749219462.61,1049904753080.04,2519760973980.8267
2019-02-27,5068540332130.429,1239496329230.96,1930212781824.3752
2019-02-28,5123524623473.896,1110000427486.31,1896541705899.343
2019-03-01,4692160136857.071,1207887644626.07,1713147482395.8276
2019-03-02,5737607869714.87,2005909504538.3,1949470204728.7756
2019-03-03,5753310901880.292,1830906086400.22,1896470143057.6448
2019-03-04,5122131995433.4375,966249716013.35,1714768088786.4976
2019-03-05,5969937868167.579,1055518974605.96,1715323444880.588
2019-03-06,4534072243202.245,1187439821553.69,1786136366496.7097
2019-03-07,5377919812719.695,1007153236297.79,1809957859779.2808
2019-03-08,5070527094080.951,1023576151939.31,1802981424270.1614
2019-03-09,5652094359901.559,1464990461906.16,2182449764333.796
2019-03-10,5828833905456.923,1457266452164.09,2213993043582.9214
2019-03-11,5318879643742.79,844640307827.74,1965013147766.7834
2019-03-12,4908190535425.175,1043837457533.34,2200184485443.131
2019-03-13,4690006487639.392,1014028300683.38,1673905221213.888
2019-03-14,5209923038702.379,1130308153119.06,1655646231798.3418
2019-03-15,5082639724027.577,1066309150221.08,1677175876611.2566
2019-03-16,4902443304524.789,1810672474754.23,3052178234074.882
2019-03-17,5434431060060.29,1416079493882.8,2233472065715.86
2019-03-18,5481296460378.594,1241810221000.68,2453238481647.6343
2019-03-19,4847793642366.233,958219403023.23,1746924511045.5664
2019-03-20,4874614445309.962,999998282834.96,
2019-03-21,4336255583807.5776,1116238353109.79,1933789848980.7317
2019-03-22,4861239117040.258,1077512108824.48,3142065788761.898
2019-03-23,5440354211365.308,1794625224309.83,2964683724805.9106
2019-03-24,4947056657036.378,2062846531840.27,2692358869288.635
2019-03-25,4927845599164.972,1080355856310.71,
2019-03-26,4772430810179.067,1068311864265.96,1696240227528.5227
2019-03-27,4440313449325.946,893788588303.8,1662393990851.7603
2019-03-28,4488196810935.0205,1065010527332.82,1749167177653.8582
2019-03-29,5039475791864.13,1010556918224.37,1622733863409.8052
2019-03-30,4773382635630.6,2094096936583.51,1828852883073.2676
2019-03-31,5787188990132.3125,1480657801330.24,2204023817684.5186
2019-04-01,4964057082663.7705,1071073251070.0,1642430644244.551
2019-04-02,4942587945816.595,1128798869691.0,1632507583871.6782
2019-04-03,4224165558616.102,1048666115697.66,1861197383630.0
2019-04-04,4521503406040.449,942139031023.51,1680619407286.8774
2019-04-05,4750174366824.85,1891731720169.97,1749541065031.6736
2019-04-06,4929761860002.843,1926433903461.15,1752703510885.7705
2019-04-07,6035896850924.407,1597767251407.65,1992812284835.6716
2019-04-08,5194859539480.785,973902779746.39,1617625750689.4375
2019-04-09,4695288733444.767,1138772382471.96,1601975552105.9338
2019-04-10,4736712362526.743,1020108576906.84,1369121221104.5884
2019-04-11,5293290436159.163,975859509874.01,1386367343436.7366
2019-04-12,4506991316583.502,1292971318665.31,1349939911502.6992
2019-04-13,4926107421813.886,1835863019173.6,1544380098149.3572
2019-04-14,4832006510944.559,1802950613560.45,1503112135738.7815
2019-04-15,4987492114846.06,848649403006.97,1443096816030.7747
2019-04-16,4721424568216.233,955870604299.46,1303967730851.7324
2019-04-17,4700258105682.865,1055740373582.22,1387133372625.9175
2019-04-18,4708746099831.742,1003591886799.23,1421966949491.1357
2019-04-19,4649247150635.281,1159020021403.93,1489544244558.7605
2019-04-20,4685808852341.413,1691402061284.29,1700252071266.2983
2019-04-21,4777593283626.104,1246327780972.11,1648078406533.8252
2019-04-22,4423514362171.627,1152429199986.13,1488984513374.7642
2019-04-23,4235151277203.1855,915577961245.2,1448768994942.0269
2019-04-24,4541511355366.056,1268679963817.4,1483616775768.2427
2019-04-25,4458885425932.249,835554904011.27,1421836493817.2046
2019-04-26,4255166575129.8403,1017411707591.67,1437103291189.6587
2019-04-27,4957327802930.562,1455647200475.61,1605911928180.8135
2019-04-28,4872777066074.634,1428270405789.08,1529959476694.4834
2019-04-29,4012894448880.671,904452523374.37,1471472334031.2146
2019-04-30,4435298222068.904,976732232761.66,1407042011713.0752
2019-05-01,4961288737609.083,1051016319417.56,1516235497533.2246
2019-05-02,4488663682005.625,1091166589511.83,1535638236018.8691
2019-05-03,3963783351808.4014,1231261296215.37,1348649656518.3271
2019-05-04,4718095992193.316,1695223754240.45,1570138564642.8599
2019-05-05,4755762538393.098,1419662607073.56,1678439842684.6511
2019-05-06,4936824681497.868,1047438531034.44,1420794379311.6829
2019-05-07,4149122686645.304,1147709783103.32,1345574433234.6736
2019-05-08,4499580593069.494,990714844774.06,1464561523146.6504
2019-05-09,4218167445734.997,952474529814.44,1402784339049.7146
2019-05-10,3700588305734.8267,1293335812154.39,1432548481680.8582
2019-05-11,4398398686071.267,1875802023674.86,1510343723861.942
2019-05-12,5119632926568.406,1342782413626.09,1443712109764.6538
2019-05-13,4302056748626.9297,942760402147.23,1390332528481.5398
2019-05-14,4325820254160.247,952460118077.64,1300675104410.0347
2019-05-15,4158050768073.179,975959375746.99,1407529011383.4717
2019-05-16,4318631926352.5938,971719071333.19,1463241305742.8623
2019-05-17,4591756496348.3955,1124979272421.07,1574019214479.502
2019-05-18,4877533231657.737,1716885252466.59,1615447394807.0989
2019-05-19,5102066506080.873,1774455336461.85,1238819367768.7952
2019-05-20,4685543760249.499,897264931219.42,1202360165312.9246
2019-05-21,4595824222571.963,1036247506400.44,1099492054061.833
2019-05-22,3798044030842.447,950170268247.74,1264875525859.1511
2019-05-23,4060772403145.554,892852908090.15,1180848695328.7112
2019-05-24,3627164376647.9233,1087698841372.61,1303576303113.8037
2019-05-25,4364722377984.7,1658014834704.04,1369775397008.3162
2019-05-26,4468035694095.97,1805139339886.42,1269516984443.5781
2019-05-27,4335460801815.704,1181791621938.34,1229758887202.1824
2019-05-28,4191556115491.387,1074413516835.79,1046222830529.7115
2019-05-29,4137146999330.94,1170382902002.17,1279957100992.7366
2019-05-30,4078481543868.803,1092744557969.86,1282951764498.6973
2019-05-31,5255952081835.182,1709811633928.07,1069901809729.4138
2019-06-01,4473148824151.734,1960217753786.76,1282121657546.4614
2019-06-02,4675586469868.471,1632666758260.16,1333451485787.198
2019-06-03,4734906128344.475,1022606988034.64,1128269079212.067
2019-06-04,4472790487669.762,1188415328441.2,1267091133376.1123
2019-06-05,3994798458014.6504,1159849182592.77,1147847131409.5107
2019-06-06,4561371316476.174,882186259542.14,1042873016946.1273
2019-06-07,4417505540136.507,1094250080775.94,1252024230601.312
2019-06-08,4308629237197.9585,1481426900652.26,1223889780673.459
2019-06-09,4361690207175.168,1653884440441.4,1143461936884.6243
2019-06-10,4396783643082.3164,960970836591.67,1231579002742.5317
2019-06-11,4091286626701.2593,1531950569381.1,1048342202230.4004
2019-06-12,4209965565962.1997,1358635988419.05,1014760172511.7443
2019-06-13,3894103933736.4087,866954006395.72,1101613454573.9045
2019-06-14,4254176471271.783,1101122790834.21,1128152636585.956
2019-06-15,4152736838702.259,1435364741552.76,1173256471342.7766
2019-06-16,4497501270336.524,1540386512785.91,1151994127798.413
2019-06-17,4180518857593.1606,982275005751.25,1093157058322.4916
2019-06-18,4161307970217.271,1113007281525.48,1064461273205.7184
2019-06-19,3776361946696.758,1091391894108.15,984725145071.9589
2019-06-20,4119128850973.5005,991813759825.75,1071991627481.3696
2019-06-21,3868800093984.365,1107288206882.04,989943434588.6692
2019-06-22,3725744492135.696,1744334301888.03,1049887303277.8792
2019-06-23,3750447621855.665,1497864808578.46,1166689986934.458
2019-06-24,3720866472497.131,895201638839.2,1015412759702.6272
2019-06-25,3663157091911.697,1063302883522.31,1114608334321.2795
2019-06-26,4271169086566.32,1063833732560.08,1194355472161.101
2019-06-27,3573762794344.072,915637443510.54,1204810267959.1055
2019-06-28,4322512145182.736,1089132821806.97,1188815220767.1807
2019-06-29,4594514797099.107,1766505549563.26,1502431757405.7007
2019-06-30,4353982414921.584,1434108399758.43,2800827845960.457
2019-07-01,4172066273732.515,983853748673.99,2227313785616.509
2019-07-02,3657366146348.2437,953438007251.14,2650621252788.4985
2019-07-03,3542719156839.674,1090844074113.85,2055040038368.5505
2019-07-04,3757857511554.535,1331299491830.31,1913204793255.1895
2019-07-05,3494988892328.7637,1238067963352.28,2421942451168.64
2019-07-06,4578638903473.242,1783058253259.55,2846329647148.904
2019-07-07,3719601801566.269,1493187977151.83,3082106154138.028
2019-07-08,4211453353381.926,1086736365687.1,1866908771749.7603
2019-07-09,3574419805826.2246,1161702252108.2,1976484910645.5522
2019-07-10,3383751256867.3696,855613094966.92,2443660178460.615
2019-07-11,3547963990563.121,920279282509.89,2150963304817.1648
2019-07-12,3904671898526.804,1259069686138.77,1061089571295.2343
2019-07-13,4024202679669.0317,1884358580248.23,1454391902222.9128
2019-07-14,4248367785704.953,1729906425226.51,3195784871417.259
2019-07-15,3316906599530.9795,1075802295145.35,1426838604873.8613
2019-07-16,3484180596751.2383,1101887985956.87,1382437265971.694
2019-07-17,3343494806263.2993,1076750347770.91,1726050903608.1304
2019-07-18,3136176442980.333,1002764463687.03,2675150836754.8813
2019-07-19,3512992484627.341,1059581551917.25,1723089632885.7065
2019-07-20,3512099407804.831,1732965670918.63,1856416197275.6519
2019-07-21,3893077942103.596,1560033765340.28,1474792339783.6045
2019-07-22,3423281934008.4165,1277611540484.97,1496586700038.074
2019-07-23,3505625703334.418,1606226720356.08,1596854374049.3787
2019-07-24,3192483172497.082,1127207029087.33,1234287642632.5269
2019-07-25,2993491898201.242,1067771543148.1,1090215441163.2386
2019-07-26,3300103266774.253,1384657691490.85,1345767889769.2727
2019-07-27,3713902829381.7144,1634459803079.79,1513286643141.517
2019-07-28,4293684469750.4087,1893555942018.37,1908695745674.408
2019-07-29,3807501636212.5767,1221229495578.17,1060900084993.8972
2019-07-30,3792037608774.751,1172650986779.89,1064809104321.3702
2019-07-31,3304288917370.742,1466035815813.82,922495538497.5626
2019-08-01,3733976641091.481,979570082620.6,886957232193.2751
2019-08-02,3845251298289.834,1001923818679.69,813388063134.604
2019-08-03,3596423221195.63,1630512178135.43,1045083410166.4663
2019-08-04,3781645867894.0034,1914449086430.09,979829367441.0133
2019-08-05,3765925802709.871,1097594344899.66,944153324568.5961
2019-08-06,3600586185264.308,1017771021959.15,939151157139.0582
2019-08-07,3425150629296.8716,1186021622612.42,963467604824.6589
2019-08-08,3681478134498.5664,1079721005853.9,994126518403.4036
2019-08-09,4422252921207.639,1142531867348.41,954828244783.0787
2019-08-10,3553575172666.9395,2135437115584.38,1016291708531.3461
2019-08-11,3774222104247.6895,1693178014752.32,1270003648959.1267
2019-08-12,3135638269010.562,899927738418.63,916907364801.516
2019-08-13,3467238020453.4663,1056671952677.61,1030203131313.2723
2019-08-14,3343489648769.948,1114344412416.45,959239230427.7577
2019-08-15,3551685867980.5815,1111378442652.56,930085326898.4508
2019-08-16,3299996249403.896,878636721656.06,921046307659.9281
2019-08-17,3895306467629.295,1724256099252.81,
2019-08-18,3411431481428.205,1633853488569.58,1073266233741.7264
2019-08-19,3558813301106.9585,1025001974305.82,915098161880.7325
2019-08-20,3299388816601.4316,2233543769530.59,
2019-08-21,3357215929577.1157,1307172030837.44,
2019-08-22,3564473424321.6577,1057264765733.71,911850043321.43
2019-08-23,3093270923158.445,1126795126595.06,929173841203.1643
2019-08-24,3404864920619.6763,1583797944969.45,1001635513867.2587
2019-08-25,3735332125844.5156,1705159077025.54,1178630106426.317
2019-08-26,3397482162609.839,908799962445.89,917151680656.7046
2019-08-27,3505201452555.4917,910728505928.38,
2019-08-28,3661780046875.7827,961410235722.54,904910333656.741
2019-08-29,2744862900331.4897,832584189887.37,838638465144.7953
2019-08-30,3138445688737.98,902918175329.16,809322343326.9065
2019-08-31,2970004968500.358,1477386592604.59,960692663690.7373
2019-09-01,3536975378465.536,1230870357591.77,1061600955179.7107
2019-09-02,2962512833540.1714,1536197568902.86,
2019-09-03,3497036800705.436,1017712495524.77,
2019-09-04,2944064426890.532,784878503986.7,878311475483.7054
2019-09-05,2866722268314.62,804734154395.05,966670638195.9806
2019-09-06,2816409060184.594,808601804595.28,881995945733.4149
2019-09-07,2775573640663.4883,1639694372736.1,974201930763.0096
2019-09-08,3162154808103.3765,1421350544869.3,898450830673.2059
2019-09-09,2937407072962.9736,823035172969.81,831804324020.1786
2019-09-10,3018341198065.744,937625730626.26,
2019-09-11,2744483461592.7065,833775381614.17,727859538079.8845
2019-09-12,3009649406152.9683,1001466307130.49,741747201343.4425
2019-09-13,2897312583938.88,954898622658.04,696541172856.7604
2019-09-14,3250496158999.669,1818927386162.86,752226841596.8495
2019-09-15,3152737732616.6294,1398139467242.08,797502701954.6178
2019-09-16,3380395737874.6807,911515409842.3,818029686823.6919
2019-09-17,3047000008275.2285,714567951256.19,583671552141.5134
2019-09-18,2879698259872.3677,779125649538.39,636235470739.7886
2019-09-19,3215205350060.0674,797864777289.17,914484986477.5784
2019-09-20,2771511573478.6187,994123188053.62,852439399826.6741
2019-09-21,3218102681583.7046,1730191798986.81,1025912547508.0258
2019-09-22,3118254952304.1953,1237122950019.02,1173594647590.2976
2019-09-23,2820486112467.2754,745338311625.82,957351933737.8003
2019-09-24,2820766047200.8354,789951086902.14,975237907196.0173
2019-09-25,2707718556949.8276,747579473187.84,959750417860.0245
2019-09-26,2850911946528.8364,819721076782.96,1001819657996.6438
2019-09-27,2976543312932.0146,1054430515026.93,938646683682.7705
2019-09-28,2942299694942.121,1282731835492.13,1092263120076.7983
2019-09-29,3139538620695.414,1219188174313.77,1006982008580.2705
2019-09-30,2781382970752.118,837123403889.71,1056373517375.3737
2019-10-01,2748570373766.428,842802819726.58,937084099012.6588
2019-10-02,2913071163681.815,1228751904247.29,940422860525.7969
2019-10-03,2540157523115.034,785231359514.97,999162329447.4043
2019-10-04,2969690182147.9375,896811326062.16,1017405513792.1028
2019-10-05,3095851276831.4185,1398229973882.17,1056885513126.2941
2019-10-06,3148908375592.981,1159295149124.19,1294091318139.797
2019-10-07,3406459887983.3433,775156065461.7,1000888086025.3082
2019-10-08,3214766222772.24,777317263564.56,903913356229.4426
2019-10-09,2891663476292.314,831096114084.98,893918610700.7133
2019-10-10,2887683746380.0996,721501570594.19,936816427394.3724
2019-10-11,2762468655790.6753,893242137243.33,907252462170.5587
2019-10-12,3507866662150.955,1226309153312.53,1021893724713.6643
2019-10-13,2978992009576.504,1066662689664.91,998833182223.923
2019-10-14,3097744121990.5156,745222611567.97,955638415870.3369
2019-10-15,3132593204644.2075,793198993264.27,952193570216.2081
2019-10-16,3295800053462.6636,815810893600.12,951389739641.9343
2019-10-17,3348666333543.242,899664182989.12,919739902081.2786
2019-10-18,3100544074552.186,822631211648.78,1017027869819.3843
2019-10-19,3620420859397.1875,1266292719376.17,1076168662784.7898
2019-10-20,3891916277229.157,1269976982327.98,1264775910866.2947
2019-10-21,3361838136753.4614,765668544244.37,1054244313095.4403
2019-10-22,3099004624062.8013,843459465654.61,1076321550487.7611
2019-10-23,3402027430482.066,950443658284.89,989893273434.7686
2019-10-24,2645880928464.474,832399493273.93,966410990442.1273
2019-10-25,2944475575104.9443,1000060442515.4,1000790861972.3374
2019-10-26,3443008423128.106,1389282451349.34,1086896177895.5573
2019-10-27,3472423933118.7666,1231005494638.22,1046293754542.5417
2019-10-28,3354977690836.6553,665095003542.55,911652081568.9606
2019-10-29,3828645857506.3843,990745993666.18,941173839035.4713
2019-10-30,2861241891209.9434,1358053002998.32,908445542461.0173
2019-10-31,2534753764992.3438,1225773956870.32,908993874053.5948
2019-11-01,3476423993668.1055,1560091026357.83,985365451039.426
2019-11-02,3208169311320.9062,1755783302217.02,1276738810773.895
2019-11-03,3420968603589.55,1638532536047.12,1326076996827.8013
2019-11-04,3044370632682.5273,1186762474461.54,993792232660.6396
2019-11-05,2918753859914.514,1118616955891.83,972537266459.2054
2019-11-06,2707386362239.9966,1205430742238.95,1055433365744.6931
2019-11-07,2984191109169.428,843135473164.59,1047695824885.1196
2019-11-08,3517648985868.3096,925174337255.14,1115724246456.8179
2019-11-09,4071798100908.275,1665781405536.09,1276738040556.6194
2019-11-10,3553035084625.0293,1473786018898.63,1249232930398.189
2019-11-11,3354446460207.9526,932419795415.74,1110146948303.419
2019-11-12,2923719800955.1562,813978155820.8,1049002855488.1274
2019-11-13,3301146008175.9175,690757896429.24,1091869211008.5752
2019-11-14,3449987643590.0635,869116952106.18,1106827426966.2078
2019-11-15,3113292335705.7554,954618105868.92,1045686014177.4766
2019-11-16,3668439549429.414,1544174915162.59,1208785971982.5747
2019-11-17,3867402286675.2114,1389678672399.79,1403542987303.085
2019-11-18,3772771461430.3853,890238147462.49,1131528555641.3691
2019-11-19,3061246316677.351,958914575801.8,982694616247.9338
2019-11-20,3165854857540.026,879819333025.84,977091746523.3386
2019-11-21,3663866574677.5674,1066277258195.71,980109972720.8033
2019-11-22,4213867759481.1743,972394633261.87,1013014022883.5312
2019-11-23,3507387642181.2983,1549478179974.74,1175357958426.9749
2019-11-24,3318088229235.108,1401109761292.18,1210428092703.6243
2019-11-25,3362791958858.4185,991437396727.33,972236693609.3843
2019-11-26,3396712661454.28,1017738138368.14,972748373794.4012
2019-11-27,3781247248453.0996,864835486387.89,980366809940.4615
2019-11-28,3189066165445.563,970640092837.61,1050805692644.2252
2019-11-29,3690952066164.215,851731642618.13,1101115179636.2332
2019-11-30,4189682355776.3037,1466322014414.04,1191819279684.9485
2019-12-01,3699632765283.2446,1878486383757.96,1241277624671.24
2019-12-02,3506174151725.758,866335418172.74,953303184042.0342
2019-12-03,3835341831778.246,863057660088.31,1070886390084.9148
2019-12-04,3771086491952.0933,899408789179.42,1016662646761.5945
2019-12-05,3225184225420.38,1055187774153.97,1002875379620.6274
2019-12-06,3339493477578.3066,1036729488462.31,1091316355919.4287
2019-12-07,4360924237537.202,1477640922717.48,1300102024011.9758
2019-12-08,3593959284469.809,1464175744754.51,1108762950043.8582
2019-12-09,3616949561557.9883,808543475462.64,1049885188079.9248
2019-12-10,3820009089282.598,925835380304.78,965017215029.7677
2019-12-11,3459321386269.5957,893214427354.25,985376662297.456
2019-12-12,3864641950145.0234,975875394363.9,831410492112.2639
2019-12-13,3266228912703.259,970797087210.03,961582602047.0519
2019-12-14,3613043823842.6157,1500025599360.91,1097052311406.9036
2019-12-15,3797063525526.3105,1531580312097.52,1156724674360.7075
2019-12-16,3780038357722.963,994252835148.77,947906695537.3765
2019-12-17,3607110071247.168,1105061566930.46,862805993083.937
2019-12-18,3622945530597.1294,1103172260587.88,
2019-12-19,3326888218439.6963,941613421124.67,
2019-12-20,3441923355932.191,1109952371753.02,895489614708.637
2019-12-21,4069052773911.474,1432833115691.66,1029144242026.1517
2019-12-22,3790360058825.9497,1360558901329.41,994947391630.9009
2019-12-23,4051158876052.8325,902790930953.44,949285553732.1187
2019-12-24,3978060050299.213,872425641350.42,885937303377.6366
2019-12-25,3458395529495.3145,827062884719.17,1045308184870.4866
2019-12-26,3300064165602.196,1210227201793.07,925697067944.221
2019-12-27,3950637108884.258,1093259883603.74,1003743782022.9323
2019-12-28,4290308293856.898,1658781399669.1,1055427713960.5212
2019-12-29,4157180785499.0063,1519062514693.3,1141819529040.9954
2019-12-30,4167160295401.641,1257655905495.02,1034704972632.8535
2019-12-31,3419302680597.8677,1291735266000.78,827153438772.1464
2020-01-01,3118107444812.0366,1255620286098.93,998839179998.084
2020-01-02,3443124552168.2617,1156276992538.53,1025125686566.9716
2020-01-03,3711193277965.9478,1495860163769.69,1143549109235.9026
2020-01-04,4072821464379.917,1614328847934.42,1241096775497.2761
2020-01-05,4586096327966.642,1523613534248.5,1155757030913.6743
2020-01-06,4280859502169.701,1000404746165.97,1114688723845.9578
2020-01-07,3643798058891.089,886303165852.45,1010993638448.3843
2020-01-08,3613622014918.934,945684328530.36,1084265754202.3097
2020-01-09,3982966828875.2363,916629072913.64,1148328827713.831
2020-01-10,4158876597649.4375,1121506412840.17,1101286908439.0305
2020-01-11,4509040179642.032,1712115308255.91,1197729690463.4705
2020-01-12,4264214937779.8535,1585685513665.03,1286496348235.3032
2020-01-13,4288129588346.313,1118926020007.59,985678574612.3054
2020-01-14,3715124314263.3027,963399156623.81,1048040373942.1643
2020-01-15,3883212539004.353,911234441824.88,1135728506409.4849
2020-01-16,3846306551216.782,1114417345011.79,1124457054947.7747
2020-01-17,4153271275315.3286,1351197566719.74,1162744329830.4885
2020-01-18,4511149536725.185,1687308055807.26,1331384219285.0234
2020-01-19,4439473874547.15,1614069675114.6,1264862010693.5718
2020-01-20,4088236723247.5635,1036944491003.76,1183306119578.8667
2020-01-21,4174559583670.869,919303751895.17,1153256981508.104
2020-01-22,4004530037758.667,963963925701.36,1162735638254.3542
2020-01-23,4132936851386.242,1051898319871.31,1217746736892.2312
2020-01-24,3712001386022.159,1184814155001.81,1102940128625.9124
2020-01-25,4021131441651.533,1762245345783.49,1555659716212.8633
2020-01-26,4333346912741.094,2027882247326.39,1462803878237.3545
2020-01-27,4092222112333.0605,906242546097.31,1258615866035.0063
2020-01-28,3342776058945.44,797275993189.9,831003634677.7947
2020-01-29,5402609177404.882,1089032115444.88,1140881903483.634
2020-01-30,4260921047798.7104,892377545631.75,1065093859399.3082
2020-01-31,3359184131209.844,1048080254027.34,651401558485.7063
2020-02-01,3528440238818.154,1277411371778.57,1137407116190.294
2020-02-02,3676799707172.2783,1491703612521.95,1081745982155.2151
2020-02-03,4242392988176.8613,912529767149.08,909980641539.444
2020-02-04,3980303493507.756,932388207400.5,1047878794025.5264
2020-02-05,3699193195703.3833,985696620886.32,1046519441395.711
2020-02-06,3701828646984.2637,1179485416557.09,1018488514406.9226
2020-02-07,4565398882346.856,1142423054082.17,1033146155760.9572
2020-02-08,3734787219471.582,1699162978361.32,1523260753834.769
2020-02-09,4167257851205.139,2002448061630.67,1462753597901.4539
2020-02-10,4315686132687.174,1139809254067.1,1202764944482.0933
2020-02-11,4416040865662.837,1037854250245.46,1051956887587.266
2020-02-12,3810357358370.2007,930068906036.35,1014660864723.1964
2020-02-13,3762977240706.0444,1285823949591.31,861248307864.8652
2020-02-14,4067385039673.262,1318887622092.48,901259481271.6069
2020-02-15,4289011446468.6387,1870224929666.95,1140035641482.5667
2020-02-16,3959912166352.3726,2035426389812.38,1062358437192.4786
2020-02-17,4125679788960.1323,1451367199523.16,1099377913660.6506
2020-02-18,3855925659547.6494,1119558985442.22,1129640552350.9902
2020-02-19,4062843168479.7866,1029265191720.14,1259424682610.1365
2020-02-20,3680091324113.244,1097443933532.08,992107914183.4414
2020-02-21,3890439520596.8735,1213215978951.71,995157238409.2402
2020-02-22,4049872118546.4395,1695967032359.52,1230326039262.1702
2020-02-23,4348963391566.5903,1753749516467.88,1345890719086.5645
2020-02-24,4402327476248.357,1012711010497.34,1004010253452.185
2020-02-25,4284128054583.4,1118127155488.25,898435186047.0822
2020-02-26,3961387688377.4043,1091074899203.4,919613627112.1631
2020-02-27,4087505745855.96,1141212823530.14,983073213491.3573
2020-02-28,3670759765412.0024,1364878232934.03,1041973822255.4028
2020-02-29,3813366577687.0093,2248913002857.15,1261708992506.3958
2020-03-01,4239960886166.644,1950979250610.77,1255478754877.657
2020-03-02,3822308694722.722,1064147317980.83,1009299390921.9613
2020-03-03,3990791207052.4194,921204965076.39,928289465778.881
2020-03-04,3636142124768.1157,939400813933.65,991259011667.9297
2020-03-05,3602879386331.9663,1028889425933.7,941408953751.4707
2020-03-06,3675176306218.507,1116159033980.95,1210231024853.6147
2020-03-07,3849357104967.9053,1996958962269.33,1302868468574.8035
2020-03-08,3799757641754.7524,1661357358651.89,1499322055765.726
2020-03-09,3755862320925.106,1723013531399.6,1116360251714.6963
2020-03-10,3391902624371.047,1009333682911.07,1124109217226.4614
2020-03-11,3313578302320.425,1091190736768.5,998034582318.5479
2020-03-12,3432430080895.8403,1113723092191.63,1044513132870.6302
2020-03-13,3329098264551.214,1370739221081.08,1132404321443.848
2020-03-14,3844660049166.8247,,1262436626911.4043
2020-03-15,4018483464742.0723,1719062265724.29,1263337754170.9146
2020-03-16,3807923258756.1113,1200484183902.46,1075146766751.6655
2020-03-17,3755600857418.8296,,1112648649407.1084
2020-03-18,3667586265050.0776,1223497615808.38,1063428023993.7585
2020-03-19,3582197402493.912,1199339658424.3,993499589043.2654
2020-03-20,3604501750350.938,1273818731300.59,1145968406080.184
2020-03-21,3485133211383.628,1776329828804.65,1384559699605.6462
2020-03-22,4020729393917.41,2551424761953.22,1546218695990.925
2020-03-23,3888101643764.988,,1180624136801.288
2020-03-24,3724804993341.1616,1781513433635.96,1097890903283.1364
2020-03-25,3467597396046.4756,1166878459290.14,1178262719511.0867
2020-03-26,3911047233775.035,1394873852537.35,1178798396581.4592
2020-03-27,3883095131847.0747,1326569158498.59,1342441736496.0972
2020-03-28,3967753523422.211,1984501635402.34,1581399927713.147
2020-03-29,4185359776592.44,1943281420242.95,1444578842221.9866
2020-03-30,3809458814368.251,1563723265091.1,1162682288896.6362
2020-03-31,3519196285232.4683,1432374950267.65,1184761442321.2224
2020-04-01,3553371026934.6855,1429103332169.49,1189641540550.739
2020-04-02,4053463941506.7446,1287430356464.34,1102807200833.4507
2020-04-03,4123109034970.9033,1326873976731.05,1356439974268.492
2020-04-04,4361215936106.771,1849608344274.32,1789272820263.9663
2020-04-05,4455404974875.468,1895322905114.87,1539033222575.93
2020-04-06,4146731361281.669,1412309550827.93,1032647435704.0498
2020-04-07,3571186309563.0605,1421208730110.13,1045350035224.5099
2020-04-08,3942300667488.7085,1400501247776.07,1105987346157.6797
2020-04-09,3718228476970.329,1437786887446.28,1029896026937.8888
2020-04-10,4156002351955.1294,1736664371171.92,1149110729764.4956
2020-04-11,4561104758291.269,1731072722347.41,1175739227876.9795
2020-04-12,4684674675894.311,1813014214604.13,1080471308665.9532
2020-04-13,4205836084020.096,1480130245387.6,
2020-04-14,4979217600725.938,1404858317380.44,1138248752099.9905
2020-04-15,3955033220700.6006,1370589563043.27,915386808676.5146
2020-04-16,3998535375186.9604,1515251305817.92,874160812919.2406
2020-04-17,3808242240332.4146,1540817128331.91,1073655374242.5079
2020-04-18,4354699595758.3706,1874112723304.95,1146238202158.622
2020-04-19,4163207460969.3735,1982662747371.99,1150884324600.9783
2020-04-20,4214139029431.345,1229265106712.04,
2020-04-21,3797920885868.9604,1362629120645.34,1040959593996.8856
2020-04-22,4193110830037.101,1270236797160.26,1011085211058.1932
2020-04-23,4005648505002.0537,1528074127795.76,977004606932.5748
2020-04-24,4235852443072.5405,1393956107796.28,1002716685176.432
2020-04-25,4447113630595.795,1801651230551.13,1175398909297.6484
2020-04-26,4351444861991.238,1947245605027.74,1142999320917.412
2020-04-27,4461780583957.682,1243914078745.14,969718885636.2545
2020-04-28,4273443544871.677,1309908306929.1,997876805972.3663
2020-04-29,4456984719162.177,1137598965804.06,894218406412.0304
2020-04-30,4426290491467.798,1212997907456.34,979733158139.4219
2020-05-01,4081872387236.94,2628857050285.77,1023446893740.6725
2020-05-02,4232041483991.12,1774686555515.27,1115853820641.8618
2020-05-03,4328085913921.394,1293776366727.16,991245947531.4941
2020-05-04,3621896174090.6587,1240422567540.86,845050338307.7382
2020-05-05,4516195653193.672,1304863482101.82,1059041060748.8354
2020-05-06,3894365690475.9873,1168743122784.05,1047233459226.268
2020-05-07,4217820347738.436,1183130932563.99,1014087786867.1505
2020-05-08,3645700009070.317,1280345787331.34,1034703931563.4912
2020-05-09,3803561936146.6416,1778356251125.22,1203213053338.5876
2020-05-10,4387145953657.4834,1511691973906.61,1199517432120.5344
2020-05-11,4097123982259.172,1158674592230.68,953911217362.0875
2020-05-12,3681299110350.995,1379121724799.29,999926907749.0771
2020-05-13,3851444761240.9624,1277044287548.34,997849096600.9523
2020-05-14,3867244414997.7744,1214990479748.47,973304708503.2158
2020-05-15,4110693331798.187,1406611662238.35,1127199454842.0078
2020-05-16,3779007688653.456,2061847650331.67,1349908044481.1987
2020-05-17,4062461464824.9873,1555722834753.83,1174522382388.5115
2020-05-18,4087386297532.8496,1160831734564.48,979054333872.0353
2020-05-19,3874302159318.618,1108945857628.04,949782027579.989
2020-05-20,3691394447452.768,1305710869345.45,1036057599818.3716
2020-05-21,3780749326389.3706,1366778461773.15,1021762028149.4087
2020-05-22,3902901090289.481,1356585297983.09,1112074509373.7764
2020-05-23,4057486139904.7827,1680470619511.05,1218892272815.491
2020-05-24,4203656052701.6797,1708427552246.83,808706252301.9774
2020-05-25,3950575886972.696,1569590076774.84,752736752432.4188
2020-05-26,3660262897108.364,1029219665079.46,784860269462.407
2020-05-27,3530027334025.518,1076435635561.49,802253820434.151
2020-05-28,3679053431494.3096,1340300175705.45,762050511376.7874
2020-05-29,3805556990584.647,1427134712996.07,913629158402.0244
2020-05-30,3777018649382.463,1614824587621.75,976903882873.4012
2020-05-31,3703966596802.984,1588685641984.27,994820258071.5653
2020-06-01,3794369867625.8076,950959433996.22,935011191317.9851
2020-06-02,3526394776550.6494,2394004834890.58,807445168008.1293
2020-06-03,3740758457034.2603,3910652360442.87,756945909198.828
2020-06-04,3728464875884.964,2319616201026.5,825501226265.6226
2020-06-05,3925851367313.5854,2326804712712.29,758378237996.4381
2020-06-06,4180835407924.149,2240488395154.38,877218105335.4153
2020-06-07,3932170869211.0244,2099642529135.47,871244177156.271
2020-06-08,3704595002788.857,1249410799740.81,766091748580.6532
2020-06-09,3764571534023.8257,1181555231991.21,829763493295.5253
2020-06-10,3311008845313.9097,1517616378566.12,789801918499.0907
2020-06-11,3366510531363.619,1048189359944.33,853419575165.1432
2020-06-12,3483985533248.197,1148151252678.24,880116870598.1222
2020-06-13,3385972943141.011,1513516311814.45,932188629250.7004
2020-06-14,3751089939879.427,1559297278174.14,870668248562.2324
2020-06-15,3848552741922.365,1015711808902.09,850481194855.533
2020-06-16,3488059266704.549,1109129552313.01,810777999153.9908
2020-06-17,3632143829378.0015,995786576837.0,802739793161.9404
2020-06-18,3673322941133.49,1022430316255.45,796412457637.1948
2020-06-19,3718541315355.632,1289041438683.76,811311884091.7864
2020-06-20,3613469948754.477,1494171158196.77,906524924643.6431
2020-06-21,4021574491626.413,1527964775370.97,875818707688.9346
2020-06-22,3528148184986.1553,1494638472010.91,884385040971.9307
2020-06-23,3771493185382.9976,968104238767.25,824699880469.0621
2020-06-24,3721176902097.263,1369127127885.77,742892491563.9568
2020-06-25,3749026941583.6606,985912616229.78,968563575052.9985
2020-06-26,3710108895362.3647,1076057262322.4,1153239224826.7043
2020-06-27,4099329913494.8564,1183364770713.85,1064999147871.4537
2020-06-28,3947818467922.623,1775481480174.26,1029134558025.7083
2020-06-29,3852965278628.6875,1031702449619.82,890517173628.321
2020-06-30,3822959311097.866,1218846275511.19,859875396410.5354
2020-07-01,4054792346449.915,950869597113.02,825935082327.1042
2020-07-02,3921382253740.437,957374283286.51,957643637986.2925
2020-07-03,3921424658298.3057,1059114950220.52,846670963568.7877
2020-07-04,4210259745893.382,1320813416941.14,924612672489.2638
2020-07-05,4489885153856.845,1368645766076.35,792921085973.8384
2020-07-06,4004640100762.351,1040844475446.1,800149682817.9886
2020-07-07,3990425648610.3535,1048324991007.71,800088699196.6841
2020-07-08,3837142117230.691,1077402098496.64,853098295375.6598
2020-07-09,4130619279591.3413,956314327546.83,944819027801.4376
2020-07-10,4248094092274.8794,,870854119626.1322
2020-07-11,3641515118827.942,1407931080193.92,1053793060843.528
2020-07-12,4053998907001.369,1450338462722.94,970772439442.1033
2020-07-13,3580103972990.6484,1039069671965.67,1051732737027.5881
2020-07-14,3537012155787.544,1135197875773.32,1040571450658.3613
2020-07-15,3644982229590.913,1016759621396.95,937183797859.4156
2020-07-16,4644500542902.248,1426215420325.8,1097870580270.3787
2020-07-17,3281038304895.088,940859126396.1,948445458651.6392
2020-07-18,3687062668198.2617,1645282492386.94,1088367689361.5111
2020-07-19,3652745642017.7275,1397127089076.56,1019501574422.4467
2020-07-20,3697288913474.433,1164692562907.48,1025843084559.3195
2020-07-21,3568393827733.2695,995305879751.54,973318469204.2845
2020-07-22,3360512224465.6514,977622070729.67,951670148549.6138
2020-07-23,3248552048628.291,834070963852.91,1187864857034.0356
2020-07-24,3083644284952.036,1010779816287.52,1026065255984.9896
2020-07-25,3324186159984.301,1255440603535.64,1256105477948.0784
2020-07-26,3387747703333.6523,1253216273225.21,1022490669081.0231
2020-07-27,3264283091235.773,882917929094.95,1020061728709.7278
2020-07-28,3258356510144.4795,982919366218.37,963251639476.3699
2020-07-29,3690989322471.592,889710551131.57,1070499860812.6973
2020-07-30,3041871578729.1997,1216968905183.97,1171457475354.6475
2020-07-31,2841423808071.9414,1029153031410.78,1069390753602.1338
2020-08-01,3415657376550.7686,1495546008186.29,1193763043899.475
2020-08-02,3407881041020.1924,1437805122581.7,1033885397838.3434
2020-08-03,3340716132122.9805,928856423852.38,964581738188.3708
2020-08-04,3360043804200.699,1294402827960.86,1003618819525.5199
2020-08-05,3300543417254.0874,1215803872337.25,1003782632827.3071
2020-08-06,2920932407600.748,1717240630812.24,1301070122392.8955
2020-08-07,3271442167764.652,1029183299710.43,1238474985233.0078
2020-08-08,3162137509218.013,1224911127687.01,1105810318894.0767
2020-08-09,3508700572298.603,1417413659948.6,986169303213.4578
2020-08-10,3532430710983.006,945344554294.39,1037613663920.894
2020-08-11,3250841601142.75,1039625984894.48,1023927483405.5785
2020-08-12,3026579222553.9937,843108233898.98,
2020-08-13,2933891435521.41,834782028500.94,1021796658017.493
2020-08-14,2990097297051.7607,1158030353333.57,954453732051.017
2020-08-15,3216584210905.805,1378576293280.67,1021562735085.0895
2020-08-16,3248980054542.329,1197830405607.99,1080548327878.5579
2020-08-17,2832733334068.605,892414026635.96,961067529532.8505
2020-08-18,3036754893763.546,877797368861.32,986711972170.0043
2020-08-19,3072275557045.5425,989469011396.44,970962630882.9844
2020-08-20,2914004519391.0586,1088902338905.83,936889690520.4193
2020-08-21,2925276574270.8823,1185038672341.32,970709491231.3641
2020-08-22,2825142040993.6787,1476885434951.63,1059535420692.162
2020-08-23,3183311239619.2017,1535320981172.39,1053937737582.3325
2020-08-24,3440942925409.827,1020157945402.16,992144084249.4097
2020-08-25,3392072073685.9326,1093990990021.07,1041448720982.1771
2020-08-26,2950368777225.4585,1025949262041.2,985587142952.3114
2020-08-27,3401568838178.9233,1079426544126.9,989926107317.1228
2020-08-28,2769250376483.472,935015712053.74,972115877899.6476
2020-08-29,3104797700559.778,1291732470307.42,1011426746290.9895
2020-08-30,2984222659040.634,1274893170515.76,999264078618.5322
2020-08-31,3277417244178.5483,935865834462.5,1047533135733.1624
2020-09-01,3028856807434.7144,914453686859.46,968861464713.8698
2020-09-02,3131194051500.7573,915996802783.45,982348249994.755
2020-09-03,3143307567780.2944,913587697718.57,919264482039.9185
2020-09-04,3041626160360.832,1370382711239.5,902583946392.6244
2020-09-05,2818207841639.042,1191781549798.92,1011109389667.4872
2020-09-06,3170007681278.893,1429688251416.84,957308173531.3052
2020-09-07,2882520534383.2856,993920488726.51,1074648187901.2247
2020-09-08,3069155724070.45,798075870673.75,943821112165.3252
2020-09-09,3258867609129.3887,827207109165.02,927234901033.368
2020-09-10,3550209561636.6714,899916658469.79,1006245795542.4237
2020-09-11,2663127105477.7046,944408626188.8,942753003008.1504
2020-09-12,3199261094888.8716,1129617008333.23,1018791126004.9211
2020-09-13,3469648088872.835,1176605523779.23,961084531706.5428
2020-09-14,3357764436963.539,1209839894640.61,902952366599.6023
2020-09-15,3202097066385.708,964630323184.5,919174364361.1705
2020-09-16,2938661538458.6714,960075213269.64,1008402033807.1956
2020-09-17,3352020257993.683,947794331161.81,902570078637.4529
2020-09-18,2865586840264.415,1010537664956.12,929319689013.748
2020-09-19,3022016538342.9272,1070846842728.14,1041261611760.036
2020-09-20,3561758188189.6914,1542727598974.83,1015456574682.3643
2020-09-21,2903170169876.7886,1113424867896.68,558112119208.5929
2020-09-22,2963984577365.429,919188520978.85,674701362503.7319
2020-09-23,2970196627806.3496,1240392610461.63,903229720122.1239
2020-09-24,2984460237732.51,1858516817464.99,852927005536.5361
2020-09-25,2965953097660.5605,983379499434.72,943569340815.0881
2020-09-26,3474429852324.996,1168175819750.91,1061376927105.1078
2020-09-27,3271611378746.938,1471499021780.95,1016849274988.2136
2020-09-28,3442927251728.0474,1195787189005.29,953140222378.8777
2020-09-29,3161876973689.019,1050485011236.64,1127778416879.6401
2020-09-30,3153255614866.382,877850980095.74,1032683693545.0355
2020-10-01,2933021724874.047,953147589230.61,1147996631375.082
2020-10-02,3060426450669.193,967565858342.6,1155919882145.7087
2020-10-03,3091530930622.3335,1495457546662.2,1097360886090.0125
2020-10-04,2955215974041.275,1220950518270.97,1127252031191.2405
2020-10-05,3017439885071.85,1988968076029.63,981645347445.9706
2020-10-06,2712510179656.945,1778806775739.77,975091591598.1578
2020-10-07,2685145309005.212,2024646085935.28,1030625231891.6334
2020-10-08,3371561951630.6665,1236651276619.39,1100573724662.809
2020-10-09,3752852631183.338,987073479230.67,
2020-10-10,3134547164102.3926,1343767294063.15,1155609183810.8193
2020-10-11,3192979325411.9814,1968286383593.08,1185842377828.1753
2020-10-12,3459381507516.195,1077210608786.82,1114482328488.2273
2020-10-13,3117662541609.8975,1045550848625.24,976799982152.648
2020-10-14,2960457542692.411,908172027775.15,857105736884.135
2020-10-15,3261144293229.624,4375507236333.39,879192914623.4333
2020-10-16,3122714050397.2183,1591681395127.55,840244687324.1133
2020-10-17,3251289892967.369,1737491694987.12,915716401708.4053
2020-10-18,3736147372564.166,1335858135863.81,949506940079.2878
2020-10-19,3428797317797.896,1004287754845.75,880505271777.7136
2020-10-20,3287328642856.7456,855621243136.67,892312006737.718
2020-10-21,3314369271911.087,971905364160.51,833008228905.3633
2020-10-22,3490387757882.415,1104681389906.52,940401722850.1295
2020-10-23,3723598876715.595,986792449868.15,825494892558.8293
2020-10-24,3292168263555.009,1431728745878.71,931569872700.3899
2020-10-25,3538080053416.061,1619221745250.96,918776286529.6943
2020-10-26,3643474370561.3374,945794975990.81,888704726942.9961
2020-10-27,3442027625047.1914,1133931775138.83,914087327683.1626
2020-10-28,3062790803017.739,1075963980768.42,849795355411.6979
2020-10-29,2926963520527.9307,1036037236291.42,778629071666.057
2020-10-30,3363855363370.386,1189163356997.42,777931684373.1067
2020-10-31,3043835239856.423,1423859935412.61,859574058630.0688
2020-11-01,3392251140964.859,1666561262893.88,873465820350.8534
2020-11-02,3291656902465.433,1184043165687.61,596195001823.9008
2020-11-03,2990918185722.943,987960491152.24,830412796771.9473
2020-11-04,3033066851452.0127,1302999315867.17,777156888581.0865
2020-11-05,2829273218673.762,1163944141026.95,930080989263.6606
2020-11-06,2929747842001.861,1212345304657.51,842274983524.3221
2020-11-07,3365671198192.8955,1626136275840.72,905962149110.3274
2020-11-08,3570969197581.8965,1527649316687.46,950692353388.2134
2020-11-09,3032236845385.973,1055841456091.98,786752433242.6659
2020-11-10,2881474064896.3984,1060087239631.13,758487871761.2771
2020-11-11,3224958939554.0415,1186776082453.86,785613926930.6863
2020-11-12,3413741926628.061,1068439534334.96,839826354489.7375
2020-11-13,3545904398314.5947,1305212242210.8,762769494061.3002
2020-11-14,3520316996699.7515,1496975844780.46,944586296490.6897
2020-11-15,3335494830365.2065,1387904669037.38,1016477919407.6187
2020-11-16,2844623307488.205,994936717661.46,850432386522.4602
2020-11-17,3022667494306.4507,1153895280309.5,929984263658.4056
2020-11-18,3051015793863.1855,1361966885494.67,824630273072.0576
2020-11-19,2982310536807.636,1175333282215.67,830559810183.0293
2020-11-20,3103234404219.7905,1318283969456.36,866386009702.939
2020-11-21,3474062152214.998,1727797033714.16,815482342251.7845
2020-11-22,3295410708272.289,2175785797145.66,847733548542.3876
2020-11-23,3067319830969.1284,1025353062832.47,789138285965.7363
2020-11-24,3237934120187.1196,1055715182917.21,887515620042.6316
2020-11-25,2924479439649.4004,972162092521.29,777972769722.3761
2020-11-26,3059229262555.419,1125529978282.74,726461650373.5038
2020-11-27,2599419023020.197,1395773505911.34,779091896762.7064
2020-11-28,2934708264538.5986,1369384677033.26,809758446428.1226
2020-11-29,3227580543082.4526,1289570196429.28,832681126699.9475
2020-11-30,3283837144213.8125,1004744315202.51,746024689291.1243
2020-12-01,2845540080608.4517,808987738234.95,796012964000.8695
2020-12-02,2934151120708.5156,1031042706356.03,755155686780.6268
2020-12-03,2819514842677.468,966353849475.95,
2020-12-04,2851668883003.9487,1117647539170.64,
2020-12-05,2978202261339.822,1451324320341.18,827553381700.3168
2020-12-06,2860730850739.4736,1326520537855.6,810683258441.2404
2020-12-07,3137692707626.607,1089724676081.35,722270748258.1815
2020-12-08,2971173777698.185,968491516856.05,729128061548.1718
2020-12-09,3033070685209.84,823520178316.53,717349979793.1652
2020-12-10,2702758405067.751,807729953507.09,692211010851.6168
2020-12-11,2623020791291.6313,982361936524.83,675296386943.9503
2020-12-12,2655452649638.9053,1333362049000.39,752169624438.6216
2020-12-13,2925153728869.525,1174569565423.57,637841943076.9961
2020-12-14,2770177201321.1587,902302432514.21,633611805742.0504
2020-12-15,2804958032067.263,983473537166.52,658325244557.9119
2020-12-16,3005108231230.505,1084291319658.83,717629922559.6696
2020-12-17,2526437674028.0127,1085364460783.14,715640658415.6277
2020-12-18,2655527822908.833,1004688565465.19,652255196867.8584
2020-12-19,2446972538844.502,1287492334878.74,697210468711.9225
2020-12-20,3320789892743.611,1462006595893.85,737860066805.3627
2020-12-21,2811796537310.8975,1155403693706.04,642261532826.4556
2020-12-22,3101101650392.0933,980552962210.54,696957939290.9894
2020-12-23,2933775369243.6646,1087208590325.25,678395966127.52
2020-12-24,2693533979445.1836,1350934400888.57,664760768387.029
2020-12-25,2611424727998.8545,880484189218.47,624734942449.3855
2020-12-26,3120256537276.072,1115213987229.89,
2020-12-27,2943373180511.838,1141868824372.31,818687208468.5332
2020-12-28,2922641383423.95,1130284697819.36,685909394853.2323
2020-12-29,2906035044035.8647,1019251049741.1,728992636250.4779
2020-12-30,3408667526177.9033,1189788701459.68,707231936288.9308
2020-12-31,2601548595319.968,23256440208666.16,615225850367.3674
2021-01-01,2749279442070.4795,1406464341419.33,647337320649.8323
2021-01-02,3549151601932.541,1877331569733.25,803346554024.2975
2021-01-03,3250671098532.1724,15352185000804.89,732191710194.7477
2021-01-04,3094237796243.069,1097837408888.56,702658900695.8611
2021-01-05,2887563841457.642,1043035413311.01,744992780925.2709
2021-01-06,2663045387922.741,1159550261223.4,741706776711.0293
2021-01-07,2912837810240.1357,1059936963349.32,750097886277.642
2021-01-08,3056885972375.4146,1426314932957.23,804606907541.8187
2021-01-09,3021331841859.6875,1358198214084.11,845754900429.437
2021-01-10,3008943843166.9014,1812179271696.67,767774776148.4492
2021-01-11,2979725208203.109,979871430142.66,783856696565.0217
2021-01-12,3095260039593.4736,1022391380429.7,737069907391.7852
2021-01-13,2938905122990.603,970673770654.1,754615419478.4554
2021-01-14,3219968278531.768,1091631509666.98,773936833144.3516
2021-01-15,2795537568595.0273,1096731622614.2,771651938106.2208
2021-01-16,3032537664257.031,1519167801750.85,805218245415.5134
2021-01-17,3731090191488.8857,1352874578931.41,766838326643.001
2021-01-18,3084654372654.415,1142655959148.71,785740109411.4828
2021-01-19,2991719719899.654,1018277731780.16,785790262739.3624
2021-01-20,2894504699703.8384,1419754231954.49,781077802693.4792
2021-01-21,2919236122125.303,1002053700395.63,731705868944.612
2021-01-22,2917804220487.8438,984252538396.65,744255511574.1985
2021-01-23,2856379648948.925,1526832309625.81,791936252937.3761
2021-01-24,3240770923081.1206,1456708651581.59,816383850819.2665
2021-01-25,3271993562811.8774,1178413323500.53,
2021-01-26,3212979608022.0366,1277767590496.57,
2021-01-27,3193948607962.324,3427343728950.17,749181167559.3296
2021-01-28,3169624484156.7593,1169290249569.46,773707149463.5597
2021-01-29,3341680217839.9224,1156666231673.14,762192274121.7286
2021-01-30,3366122720533.1035,1539563390129.03,813097018057.2227
2021-01-31,3247093758511.187,1772989255458.14,833149173543.527
2021-02-01,3290293915866.1187,1242266256876.77,781405740637.5382
2021-02-02,3594340224477.714,1212552788599.35,768893311711.5819
2021-02-03,3103376745183.879,951031246624.72,706227678762.7812
2021-02-04,2915373257292.6226,1123130823093.41,778745921131.9786
2021-02-05,2734521888733.256,1205945416036.06,
2021-02-06,2909862168817.627,1543604649935.75,740400763694.615
2021-02-07,3345114590218.838,1713701253033.85,756924264872.4834
2021-02-08,3175923361909.706,1201799228908.41,
2021-02-09,3392945608305.709,1135106072733.65,737558016549.7933
2021-02-10,3199602235326.8047,1227630317621.56,736428080514.4525
2021-02-11,3181069940476.621,1220435920394.07,693354480564.6024
2021-02-12,2970843853604.8203,1458645560683.14,702396972058.0471
2021-02-13,3047347760524.8135,1723764158241.05,772238195226.1492
2021-02-14,3213650378687.9087,1653591858798.75,747290966089.4065
2021-02-15,3243197814192.4365,1188468174883.55,754805424901.0968
2021-02-16,3000234746656.6567,1100505059714.05,779172656526.3942
2021-02-17,3021833960081.872,1435970192929.42,737028588576.9973
2021-02-18,2953362158472.981,1440176930775.33,771622735026.6191
2021-02-19,2697874103195.83,1179492441797.41,704042306318.3865
2021-02-20,3063904289214.284,1280857360179.88,751537355439.4292
2021-02-21,3181832421122.6313,1821046436542.2,734973698361.687
2021-02-22,3228447776349.6367,1361236112144.65,810045904476.6375
2021-02-23,3284053110965.582,1157296878697.51,833105850538.8016
2021-02-24,3074909197809.1426,1250296593397.52,813851073356.9034
2021-02-25,3100118669679.113,1186566722342.95,783717256478.6276
2021-02-26,3053047633232.8784,1268694926626.89,772729535089.4347
2021-02-27,3268137131924.276,1529333121948.67,841724056788.23
2021-02-28,3524560315596.4883,1584226332942.01,816541767976.0942
2021-03-01,3708242709328.781,1070967306721.93,822993502302.8307
2021-03-02,3215100402837.36,1196444329279.2,804669949038.1039
2021-03-03,3165897541887.8003,1345944674966.22,749037828919.4464
2021-03-04,2833742956009.3965,1050561347557.57,752371718695.6243
2021-03-05,3241335965986.8564,1266530124579.48,742186019617.8041
2021-03-06,3388517698709.211,1880419431444.14,844058268941.4998
2021-03-07,3263322950874.0986,1753368021339.2,917169595492.3289
2021-03-08,3478236223841.772,1095149168888.74,773585017261.0844
2021-03-09,3389467483694.6494,1045643318015.13,787572819448.6875
2021-03-10,2954278343406.332,1269798172026.84,828905121234.2037
2021-03-11,3256101973096.092,1188945616357.82,808592036872.7902
2021-03-12,2994096973662.106,1410129082699.3,823301154682.2428
2021-03-13,3301512473566.846,1740502377234.01,879333915235.8628
2021-03-14,3265216933800.1973,1738687335143.42,835840169691.5334
2021-03-15,3479377711661.6943,1445310656973.42,814649179947.3075
2021-03-16,3077089520522.536,1306110910542.81,890716904848.363
2021-03-17,3141445700704.7944,1112007734039.5,881184030975.8134
2021-03-18,3290978072494.458,1241129577524.86,807380650474.8523
2021-03-19,2939929081429.2446,1360858051302.24,839236956119.3071
2021-03-20,3223059548465.2793,1447366766581.84,817715057749.7117
2021-03-21,3702294902255.711,1546057383815.49,856235892317.823
2021-03-22,3302419433716.536,1335430036799.72,764512814479.1017
2021-03-23,3069612929200.0957,1476627574111.98,850644550450.3318
2021-03-24,3415230988082.984,1198541538141.28,850285992845.0504
2021-03-25,3119894014492.298,1026714934561.76,843385389953.8903
2021-03-26,3434025476179.482,1309352758631.26,810382977391.2
2021-03-27,4116908075037.1006,1456846977543.41,917207136415.3734
2021-03-28,4255150006794.285,1762502105496.2,934290212307.1746
2021-03-29,6000390094822.4,1483439238413.2,851147621494.2083
2021-03-30,3725630407081.871,1387731956122.89,868461957415.784
2021-03-31,3753427024634.0947,1061102668627.13,903443674939.8027
2021-04-01,3936410522136.0894,1170602020751.45,
2021-04-02,3507466551207.5947,1304513506079.96,
2021-04-03,4161985171118.534,1497192175612.77,981184707081.533
2021-04-04,4304165218241.1436,1289915608018.34,923298346227.293
2021-04-05,4476398160529.44,983995350059.45,992190141758.9563
2021-04-06,4042284967490.4243,1909865844329.25,920877258484.2103
2021-04-07,4192625200289.794,1024436349142.88,922986435395.2637
2021-04-08,3828931451454.368,1069167120937.76,936535447420.837
2021-04-09,4297994926345.832,1106748569051.5,939143677816.688
2021-04-10,4547500095922.095,1427425426711.06,1055709912081.1318
2021-04-11,4430921153198.926,1463702893925.46,1039241686011.4143
2021-04-12,4595284090654.677,1049573723779.11,1003558636968.118
2021-04-13,4381361185301.1675,1152087264951.62,1021715936451.5809
2021-04-14,4053936314753.99,824447330370.13,1009886515481.6228
2021-04-15,4319893458207.5107,905683297016.41,1040866912438.1521
2021-04-16,4112348181711.8794,1024340730913.01,1038514078060.9767
2021-04-17,4361805687217.663,1401910831562.53,1141610439916.167
2021-04-18,4646301364245.084,1291107874904.62,1124365656970.7212
2021-04-19,4667431826115.246,878274196429.53,944294999428.0211
2021-04-20,4178390404455.736,971502756752.63,1146788229207.6956
2021-04-21,3909822284876.46,994519998140.64,1145892382329.8142
2021-04-22,3923011810755.317,1047883653587.79,1241712699944.2595
2021-04-23,4527687259906.009,1234152590407.17,1130912139959.5884
2021-04-24,4463774957019.882,1361938974678.05,1225032719526.3267
2021-04-25,5712575847044.088,1103691195032.3,1173384359455.314
2021-04-26,5012932787316.99,909764969328.2,1166210794474.0942
2021-04-27,5106552128312.615,998586778811.84,1238575785238.2502
2021-04-28,3680071115135.6,1065239061775.02,1243200529130.6335
2021-04-29,4038768722635.0923,886251815279.61,1272797795131.5347
2021-04-30,4505003416655.353,917459759229.43,1208505266288.603
2021-05-01,3812481013798.2305,1185869767127.67,1273070727564.8687
2021-05-02,4348629750832.4473,1228495727652.88,1216097233091.5342
2021-05-03,3754772529807.2285,935197712388.39,1124761133790.2935
2021-05-04,3466997938114.048,910008902750.03,1137022590798.905
2021-05-05,3159004787926.7197,1042438861547.34,1133075859654.6118
2021-05-06,3345844452206.4297,947828548327.89,1107978389425.6702
2021-05-07,2967961908369.867,1141458320715.64,1081623199137.0286
2021-05-08,3209796755254.468,1173761660971.86,1227164539958.5366
2021-05-09,3042381076467.9053,1023664981494.36,1069835672850.31
2021-05-10,3240380501944.913,1020556965030.76,1211480764530.0093
2021-05-11,2861673027442.053,903543081769.15,1111912523271.7842
2021-05-12,2680716779487.7275,757956714127.92,1194375097162.532
2021-05-13,2795833409664.463,962959797003.77,1162530711176.5132
2021-05-14,2739636312462.589,901397968348.18,1043278573287.7711
2021-05-15,2720355489165.842,1398219009043.73,1073807690214.3282
2021-05-16,3118705826907.9854,1288541649210.98,1054342805679.9503
2021-05-17,2798300924161.5557,867620628238.82,1063801255727.8262
2021-05-18,3149902996920.9717,1109679425416.1,1054004066017.4353
2021-05-19,2724256105702.542,854972510859.62,1010726699863.6669
2021-05-20,2691858904990.6543,930383441631.59,943866104085.0461
2021-05-21,2517528535979.706,948631196593.68,1009638800815.7692
2021-05-22,2533784301090.9697,1369435449078.77,1068274341925.466
2021-05-23,3158974875694.198,1275258497787.01,1028760133313.9617
2021-05-24,2923046485901.723,1024242718014.96,983712231156.6189
2021-05-25,3158559223756.7837,760442670847.65,1034559492393.4773
2021-05-26,2768002335663.2505,918812844847.32,1008837271486.8782
2021-05-27,3017024661201.3086,757012068997.04,1022671575028.7305
2021-05-28,2772681475525.518,1069030506226.49,1012741440861.1226
2021-05-29,2769904875090.213,1033583389074.27,1096343075921.9331
2021-05-30,2831422361019.5205,1049771965746.64,1042173529099.0127
2021-05-31,2594506590592.9497,829140519079.92,998783382302.3113
2021-06-01,2468048617418.806,815747698251.55,933922908940.4966
2021-06-02,2347756004700.808,714453769819.93,975875123757.2344
2021-06-03,2422906983301.77,815205644617.61,1000441076139.1733
2021-06-04,2307423178294.4546,895665189593.47,1002082543562.2363
2021-06-05,2496283535799.869,1419208591557.89,1058913771710.9747
2021-06-06,2634356839290.6606,1173477982004.29,1041924392780.44
2021-06-07,2522259136420.1025,864037661774.82,957771102301.3898
2021-06-08,2327462961593.9546,948549657151.08,930461766575.6461
2021-06-09,2288120408351.5234,891491489106.99,996368709405.8792
2021-06-10,2294543763278.292,853419683119.29,876650492063.5812
2021-06-11,2630151033089.859,1091748593562.01,910888614627.863
2021-06-12,2618398629963.825,1174802298407.93,1100557854614.0813
2021-06-13,3015427543112.6055,1212985849484.57,948025545292.5823
2021-06-14,2733867147948.9976,795899620521.63,918213611295.3717
2021-06-15,2359683191827.3027,688433345889.0,846736786671.1829
2021-06-16,2377253383548.4844,703461919412.55,854623839807.3839
2021-06-17,2135037571083.236,785266321696.31,890347218358.8656
2021-06-18,2335711152393.3994,888778664667.66,898136076303.6497
2021-06-19,2369202517097.816,1046094177402.03,995585882473.3728
2021-06-20,2293033700985.1885,1017653643859.06,887333497353.0752
2021-06-21,2435589872078.587,727124271006.43,850535230579.0818
2021-06-22,2415913176245.1377,757552870130.89,867116293521.7369
2021-06-23,1979653926412.2178,756914846999.98,822330355418.8702
2021-06-24,2323605490301.7407,773827569366.42,809615936038.2528
2021-06-25,2614138494295.2046,760992859280.52,826275094932.0271
2021-06-26,2380763041153.6875,875693827364.33,1013600523230.6431
2021-06-27,2485513869251.035,1088418892830.89,901967668583.291
2021-06-28,2522888220269.4014,777907393195.63,823657855657.5696
2021-06-29,2106049443598.8225,855723747095.86,794962590141.9587
2021-06-30,2275977645443.3345,798995357613.7,813292019673.86
2021-07-01,2352362199449.1533,796734966202.02,736215262206.75
2021-07-02,2469068245445.314,811727299224.07,722729781959.6113
2021-07-03,2224741097325.6934,956680076838.03,836992276814.4777
2021-07-04,2330554868275.129,911422479712.6,766383546578.591
2021-07-05,2055358984964.0908,750260271502.61,714205801058.0771
2021-07-06,2151343762783.8918,749870322000.27,716861634850.0453
2021-07-07,1965878288689.7249,664419475469.54,672451463790.199
2021-07-08,1966219968206.5635,742608851367.65,644486625580.9691
2021-07-09,2394476798139.225,752440722020.03,681740008577.9048
2021-07-10,2454567199843.628,840409642702.3,721492584924.677
2021-07-11,2321343862835.927,1046685780209.84,713214054905.5476
2021-07-12,2124916091811.0322,677405787736.16,694595556673.6373
2021-07-13,2299710573481.3335,699433978278.37,711958920021.5264
2021-07-14,2086979272376.9023,846656636130.35,701144249320.7578
2021-07-15,2037557290987.4397,772226214551.39,672704824148.8237
2021-07-16,2232388025559.112,775225161756.28,685022092059.27
2021-07-17,2254993529119.084,985473365057.35,830513315074.8357
2021-07-18,2225257729074.393,1028707970808.08,697254590339.105
2021-07-19,2220332490201.901,923129047892.83,693311124249.3906
2021-07-20,1954732279203.2415,862959141388.89,684325613721.2844
2021-07-21,2052706054820.621,707132349703.51,753001072950.7319
2021-07-22,2049613628542.4502,785555249090.41,614578347303.9056
2021-07-23,2247496397004.9707,950474513632.12,753789053942.456
2021-07-24,2186060490085.7336,993983630534.93,790579823904.9822
2021-07-25,2150604196891.7263,1011794330412.12,716282551797.9033
2021-07-26,2593922308490.5454,707150637151.23,732492509833.4363
2021-07-27,2551778378403.2812,723223577618.85,713870814654.8114
2021-07-28,2933451038208.4233,726352124430.93,742844200207.457
2021-07-29,2539607916388.1777,1399766639707.46,701463072078.302
2021-07-30,2695252063381.1562,891131469211.6,740799592751.1337
2021-07-31,2440997617730.632,1067132536012.61,859319798474.8665
2021-08-01,2569536639584.16,1188260509680.4,757737965706.904
2021-08-02,2487930898238.381,949193593561.56,667316113390.5712
2021-08-03,2200958596050.771,1167349289225.99,679709555219.6188
2021-08-04,2199149229113.751,988464792755.39,674419812372.2286
2021-08-05,2289449537904.9536,1050606792039.49,646153799045.5892
2021-08-06,2300703308934.979,1069434617244.06,689046984632.0189
2021-08-07,2330362437619.518,1295198903501.94,800941744894.165
2021-08-08,2470322916621.3945,1351309077465.07,717573178104.7545
2021-08-09,2270424914307.115,1022252848550.41,732731884788.8231
2021-08-10,2289103097490.367,1248006857912.12,722501408438.148
2021-08-11,2326129782529.329,1926842717432.71,721150643561.0708
2021-08-12,2409075772434.2065,1470478846666.73,716340139212.7258
2021-08-13,2490122079757.172,1104669689661.46,737659973312.8372
2021-08-14,2346484741451.2783,1229108876567.02,845852596518.4635
2021-08-15,2556942146861.4927,1246631414709.73,794465523954.02
2021-08-16,2838367891856.6177,1052227652469.5,766806801610.6127
2021-08-17,2263549764974.51,975603798772.72,828979988806.9165
2021-08-18,2490398817507.1953,1119308532051.72,763243362194.1523
2021-08-19,2596227487457.49,977269143003.34,790090857519.5431
2021-08-20,2842020731681.2666,963907915556.1,846743031337.9755
2021-08-21,2699255388878.0156,1186204862692.5,957711923795.9331
2021-08-22,2549469488886.1255,1229889194873.76,923600579401.1313
2021-08-23,2665973156738.9697,927331973006.89,855509145080.0265
2021-08-24,2680355553904.554,1316848990624.73,663599505893.5402
2021-08-25,2474857758254.9507,892939424577.36,810587287513.5693
2021-08-26,2558181113870.0537,1002897706326.4,787019054688.1815
2021-08-27,3001137577146.3184,909948110677.79,812845029327.6663
2021-08-28,2771803501715.566,1294494891214.74,878597435947.3215
2021-08-29,2655905054164.6216,1361292717513.72,869292133003.7279
2021-08-30,2960611103196.691,1009188961547.55,893538047513.88
2021-08-31,2599206591565.0234,850488588019.65,841539862490.4829
2021-09-01,2571067742089.6934,967248990168.59,821664518723.4285
2021-09-02,2428226138311.7544,791732870092.45,781561076586.1212
2021-09-03,2787873392850.05,965442348380.71,882784232658.7025
2021-09-04,2996427303515.767,1198729139401.18,911880975119.0422
2021-09-05,3057846232653.077,1003992740123.07,860922601098.1255
2021-09-06,2310961083419.566,961221878915.31,871462546456.7051
2021-09-07,2563936133744.324,959305125410.89,846915974027.5381
2021-09-08,2510528906863.3223,880161544923.89,1337486551575.3394
2021-09-09,2928795402721.7363,948113488806.33,917047171091.6934
2021-09-10,2661949140460.904,1160563312027.72,1783371560051.1746
2021-09-11,2695478172754.8257,1417954533191.48,1048916029248.532
2021-09-12,3055978176378.5645,1224786633327.83,1266028609439.018
2021-09-13,2673986233491.7637,866787802310.1,2026939290773.0205
2021-09-14,2416271281210.4863,876979129354.1,1483838922111.841
2021-09-15,2430107209041.5947,832437552450.25,1463938861418.8022
2021-09-16,2506136762616.7144,909089481441.53,1151403531009.618
2021-09-17,2763157876181.519,1744478382116.81,1541820658376.4646
2021-09-18,2549367024103.349,1119037737228.26,2166996869526.4216
2021-09-19,2987344446033.4546,1193722075981.69,1181367359120.7788
2021-09-20,2823401873175.699,1051561180826.2,1198083545014.8801
2021-09-21,2661237499426.978,1055491786118.24,1238565632138.893
2021-09-22,2689115571202.522,899442968958.77,1198834501388.104
2021-09-23,2685359100486.8267,769297210815.54,964086738997.3022
2021-09-24,2880962151002.0444,884073478177.06,1085212901519.0027
2021-09-25,2884412091146.101,1260014059648.37,1297715612874.405
2021-09-26,2802146068730.2764,1424541708602.84,978986441006.3972
2021-09-27,2765794041109.193,843746302897.58,989547871191.7451
2021-09-28,2766990732270.231,876170489600.08,915345865048.4955
2021-09-29,2530042497260.6543,821693847351.37,918373872530.1499
2021-09-30,2436566932683.6523,770707257508.54,816273111505.3062
2021-10-01,2564948592522.574,942507293097.01,962813329022.7467
2021-10-02,2799181997572.5796,997442565782.4,1195675387875.053
2021-10-03,2776769211056.5,1178724374811.11,1149833909450.7458
2021-10-04,2523036876227.2065,903373914586.32,1249179136199.629
2021-10-05,2501919071094.959,922737649037.76,1625201905256.1152
2021-10-06,2722085017755.2954,828865650426.3,1598977363567.4858
2021-10-07,2526147160853.831,873443602037.63,1547302757517.3022
2021-10-08,2383676624815.1304,911584325826.45,1475536034727.149
2021-10-09,2634661817699.275,1121114233665.45,1710053542379.3228
2021-10-10,2606807501863.321,1196339290112.63,1682618091272.7583
2021-10-11,2170818115404.3047,849644352808.82,1653693889895.953
2021-10-12,2389032945286.061,910975941945.79,1571902495468.9446
2021-10-13,2408658073148.4883,803332096643.44,2257884348401.136
2021-10-14,2468236733757.3325,906777777367.14,1516798576626.3381
2021-10-15,2395226745065.564,918852120115.62,2021503666507.6392
2021-10-16,2536209638156.6094,1415238298368.63,2622839109962.741
2021-10-17,2737663361991.7847,1320487731302.51,1537352764737.9387
2021-10-18,2509730892154.939,870681538559.12,1512800067267.6475
2021-10-19,2502106665315.8267,887234719251.32,1387514031494.3293
2021-10-20,2375819454348.405,780866248917.37,1384118198940.0652
2021-10-21,2313856375091.5576,827624888805.62,888800809901.9401
2021-10-22,2454279747388.774,1047876815649.35,1756084422261.495
2021-10-23,2392205705577.3735,1121687613293.42,1930698242693.833
2021-10-24,2444832134097.308,1191232100525.06,1338712112221.1167
2021-10-25,2459428250035.868,862700752463.3,1612572253450.35
2021-10-26,2684011279983.7334,911925367589.44,1959643195182.663
2021-10-27,2144696185344.8567,866326351666.13,2101741960939.8613
2021-10-28,2109615495579.1484,1118956949783.54,1495482416011.55
2021-10-29,2354876143744.6675,995701039052.95,1340476544286.8413
2021-10-30,2404788608444.315,1259638431751.93,1769675191704.6396
2021-10-31,2647032796911.6064,1248789091413.71,1081017287896.6451
2021-11-01,2534286003652.799,1017774713346.46,1420626387305.9648
2021-11-02,2323517376333.9766,961210404509.18,1194213832327.715
2021-11-03,2338390561783.0376,935423728819.91,1654423109776.877
2021-11-04,2207304396544.9873,945360682546.12,997337965642.6533
2021-11-05,2518414323403.857,970824968022.25,1656347565091.889
2021-11-06,2435983457602.171,1460004591196.46,2551434381333.1494
2021-11-07,2672991044698.862,1386319398142.29,1556937797887.7908
2021-11-08,2267629974365.0376,1134258262737.67,1602260335853.6565
2021-11-09,2261576546833.9697,876060227604.59,1807269093625.1738
2021-11-10,2465743004970.3604,789451072155.89,1751037791935.3972
2021-11-11,2334134228685.8516,886895215002.71,1708796402759.3635
2021-11-12,2538897157499.0327,1106085270209.46,1394772826830.3179
2021-11-13,2490191451582.782,1294115613677.23,1538446212008.3757
2021-11-14,2548000366943.575,1468164536717.55,1428068323697.306
2021-11-15,2711870121047.1763,767517611431.63,1180646038024.1384
2021-11-16,2604448981978.7925,883725694139.8,1059218618176.6589
2021-11-17,2549910767670.2666,912264331395.13,1162228451131.5715
2021-11-18,2362948615724.963,787997556621.12,1130520146862.2996
2021-11-19,2776446657017.411,863084502189.67,1135145187213.0596
2021-11-20,2592828280166.841,1274941556837.75,1647594071055.419
2021-11-21,2890154735989.137,1135828171081.8,998163411436.0355
2021-11-22,2541693140810.7437,799790041792.24,1143464633728.824
2021-11-23,2456213618803.875,834524332151.11,1157233083049.7607
2021-11-24,2397858567653.859,785949511644.26,1048681146720.307
2021-11-25,2302290972374.658,881694200613.19,844436870495.5863
2021-11-26,2773899536138.0547,996436519339.45,1204244571399.3962
2021-11-27,2683195858246.816,1325301922450.52,1317069813516.308
2021-11-28,2712820318951.143,1332060995067.84,1242647964166.8726
2021-11-29,2486638850942.7,801856884298.45,1071092780267.1166
2021-11-30,2551725858435.721,783891824513.48,1088052916859.5829
2021-12-01,2610457811038.465,768253398248.79,478988086098.4293
2021-12-02,2549004949136.3286,789797079811.92,931685787805.495
2021-12-03,2437913612662.353,942809403248.94,1039797983333.6307
2021-12-04,2345505064347.0225,1249725831674.01,1103354484410.3076
2021-12-05,2812365988531.695,1339314696557.8,1056857271735.7871
2021-12-06,2704281708970.1836,816304906333.86,770705902758.5579
2021-12-07,2622705037935.636,894629260700.75,828192745865.4728
2021-12-08,2976283588738.4707,910152842140.14,888542614501.2355
2021-12-09,2767263304005.309,1003739437694.31,781308001196.5952
2021-12-10,2667694158316.771,992509137992.6,815212162574.4674
2021-12-11,2985922706796.873,1478710785801.64,1035454469385.0808
2021-12-12,2884081010532.2363,1182083301337.83,1021715826929.888
2021-12-13,2821684552929.101,938736155227.5,800965891571.1438
2021-12-14,2825811126451.527,867940495576.1,736699833446.9801
2021-12-15,2865122693038.725,1024144130471.22,792136013850.1936
2021-12-16,2891964251381.5195,929279172698.88,851780166656.15
2021-12-17,3100442510027.0767,1235005517655.45,980534906654.4589
2021-12-18,3201112373688.6855,1381331096587.05,1040061407169.8215
2021-12-19,3331138384019.4976,1324941637499.36,1016149808488.7643
2021-12-20,2979222001952.2974,971476916951.71,882146520305.3217
2021-12-21,2878253328476.5444,930761519759.23,964701153991.9211
2021-12-22,2687695939750.905,931163130975.32,936677642711.7289
2021-12-23,2816294542962.4834,954406732181.96,914139838881.5217
2021-12-24,3088239693151.459,877821960748.62,863766682256.5934
2021-12-25,2579726801531.9546,905944571539.35,957930687367.6453
2021-12-26,2801683433260.4404,1032004700691.87,917248584945.475
2021-12-27,2576118686084.4604,1024589530200.0,934941855419.5431
2021-12-28,2744413956564.642,1075378960575.65,906437583081.9095
2021-12-29,2785541155998.2373,1021125783722.54,613637002442.421
2021-12-30,3478450400589.3594,1124227565029.03,880045450452.6783
2021-12-31,3251940487634.9673,941193162912.17,804828240514.2445
2022-01-01,2705992392132.0635,1229455418528.24,972045045836.6064
2022-01-02,2669821608492.348,1253480802142.37,949427313130.6162
2022-01-03,2663197581073.0215,1024179386180.61,973761480527.7787
2022-01-04,2933912925834.9766,902806065682.92,908115318492.7665
2022-01-05,2893857126403.531,1014741239014.57,847541133881.8604
2022-01-06,2894516707551.1245,1130914443930.2,820520699087.4751
2022-01-07,3118236295703.7026,1035079876257.99,1102195262477.4768
2022-01-08,2983475023066.404,1573900034765.81,1296466719370.373
2022-01-09,3348422049424.845,1360301499090.85,984928860852.4777
2022-01-10,2669528297848.428,1033094242273.17,959123360194.361
2022-01-11,2646568075898.6777,850120682558.24,1007496639279.8021
2022-01-12,2762516411165.0005,990222710810.94,1056126784068.4015
2022-01-13,3559286799369.647,861974078279.02,964016178338.06
2022-01-14,4703814110200.969,1022063667980.53,943610504482.8209
2022-01-15,4504893355503.591,1401530698362.35,1357017928499.0374
2022-01-16,4700110010226.273,1392781372647.23,1127058310183.5
2022-01-17,4046191083456.8354,1151695678589.54,1093839841494.5427
2022-01-18,3675453690479.6235,870112889209.39,1032168556179.9985
2022-01-19,3440699687543.716,907754453865.16,1038030331366.535
2022-01-20,3474551052479.709,879669559785.89,1005112372468.7598
2022-01-21,3755483239014.9395,1032159772175.05,1144372933657.3403
2022-01-22,3514875909409.3384,1303339704157.77,1261721144288.7686
2022-01-23,3550403253376.657,1428504471823.33,1043930168692.2256
2022-01-24,3560217398493.036,889612093260.42,1016933243629.9814
2022-01-25,3181263276933.461,829902562878.29,1041553576809.2924
2022-01-26,3407719090986.82,821355503004.4,1055342834273.6244
2022-01-27,3318434207687.1514,954304333171.53,996307064386.0383
2022-01-28,3413332503103.74,1282694720196.67,1160342935925.7812
2022-01-29,3396640758426.628,1196114854846.82,1382016171279.8354
2022-01-30,3626145480402.691,1207607652533.98,1190203118789.0627
2022-01-31,3211030060938.4097,824912823633.68,1104375720914.119
2022-02-01,2940726201300.479,950825466009.82,981892249315.7415
2022-02-02,2676650223805.777,908382057751.29,921043539876.9635
2022-02-03,2952335290678.9775,869130542221.98,963114795011.8148
2022-02-04,3000999973204.708,1268971553922.56,1194355197822.1172
2022-02-05,3252890981711.6567,1462631638042.35,1265599696024.2236
2022-02-06,3120758604436.894,1310636773833.72,1138814845438.0398
2022-02-07,3105420293413.82,909565446250.04,1050172893544.5977
2022-02-08,2729087322998.051,902953590742.33,971330855583.5939
2022-02-09,2925950268397.9746,896640339291.69,994645647658.4131
2022-02-10,2809078464939.9824,984257824902.83,884335207467.0369
2022-02-11,2763062943886.0757,1162910786080.0,999979146739.125
2022-02-12,2779819401866.338,1244770530577.37,1130122426898.6033
2022-02-13,2976065361871.0166,1325300954043.67,915496692918.4983
2022-02-14,2716560381784.7314,833772144531.9,955684853986.016
2022-02-15,2978364170531.8667,852194135512.3,889216018857.5394
2022-02-16,2924581654458.724,1123054578187.74,855092420522.8497
2022-02-17,3177407605637.298,917561003549.81,855521348685.1246
2022-02-18,3091481614613.0063,1084658721586.77,1013181635601.132
2022-02-19,2968661016109.23,1296700488068.18,1128573521148.8318
2022-02-20,3314630693115.4116,1394149077718.93,990019427266.929
2022-02-21,2989860645792.9805,912686536029.95,1029105825913.3282
2022-02-22,3128708912297.953,975935872180.13,874658706614.5588
2022-02-23,2813994454121.8213,907279962288.02,905788601595.5872
2022-02-24,2983367745458.9746,699276077547.29,840163252427.7793
2022-02-25,2746286139597.878,904132790146.52,926263101094.0706
2022-02-26,2941859564873.486,1130117943857.17,1071438562548.8221
2022-02-27,2961438441717.0757,1181343532923.07,953307540736.5784
2022-02-28,2487454304072.368,697959637517.55,884822530172.6561
2022-03-01,2668490096468.332,709674776929.01,827592208235.6094
2022-03-02,2352755690630.55,660352963497.24,773621293182.4359
2022-03-03,2661328279192.482,708848220402.27,719491242838.232
2022-03-04,2665424290985.0894,760398342899.97,807609096910.7128
2022-03-05,3003937284530.745,1167153805361.98,893186222601.3257
2022-03-06,2840420753251.2036,1203648556638.0,943714724942.914
2022-03-07,2651829192470.833,761817438674.94,916116781160.6226
2022-03-08,2703247525885.8813,684322716694.08,720939022983.2269
2022-03-09,2955555289202.9214,696298378145.21,751355853720.574
2022-03-10,3092443572952.718,666402752092.49,779633219067.3937
2022-03-11,3036556645100.873,890786120226.2,898696450385.2161
2022-03-12,2919329902806.687,1103390848009.79,1038944624504.1548
2022-03-13,2845829667845.031,1171683150709.94,964791558956.242
2022-03-14,2941351231766.3677,744494052583.77,839143146451.562
2022-03-15,2749390475507.357,882592217356.68,762090985626.6543
2022-03-16,2711092522144.0146,788321598661.96,753225630909.6708
2022-03-17,2805596201604.3896,843511061991.37,795547363136.0286
2022-03-18,2861733045922.1035,867546393951.65,931919187810.0037
2022-03-19,3119649213397.9746,1365984147562.24,986819231633.8916
2022-03-20,2931036191903.9507,1074179213434.64,974284455728.0592
2022-03-21,2767242574169.923,700947125937.32,848093832904.1362
2022-03-22,2448758869237.06,860113135057.43,813196713979.1389
2022-03-23,2660907403459.804,956884107391.5,787104999044.9727
2022-03-24,2598102497153.3877,720420341929.76,779502993307.9065
2022-03-25,2938373006870.5005,917673713213.57,806481339407.8011
2022-03-26,2785114972279.315,1414037779625.7,964990882099.0897
2022-03-27,3021370155467.2896,1112508517955.09,831386099925.8838
2022-03-28,2435558283573.203,854968192739.23,776074082509.8771
2022-03-29,2773299149963.509,904966447758.6,654917179689.6897
2022-03-30,2666891130595.9224,1464939925989.37,610549256609.875
2022-03-31,2359967703244.087,752345387645.14,677973792895.1881
2022-04-01,2672976682243.948,1036604928638.01,694496193557.3939
2022-04-02,2742795119822.9663,1225180479895.38,633942825825.8505
2022-04-03,2896588562485.8594,1131402688901.81,791351076669.8282
2022-04-04,2529682069057.96,833216708803.85,755443346904.5106
2022-04-05,2430367555660.6494,824795562830.87,688715471156.4912
2022-04-06,2690880571826.8887,824391097085.23,708239864188.9862
2022-04-07,3115309731742.5107,936103959865.88,634279701843.4808
2022-04-08,2701141448865.6797,1075657787242.81,655376621017.9775
2022-04-09,2894842019884.775,1264839226238.19,785790852951.7008
2022-04-10,3261449624704.1577,1234809817752.44,490418988241.8375
2022-04-11,2881125146999.2617,826027805111.08,683719924021.2606
2022-04-12,2668606901254.163,810263815479.46,663463242894.6129
2022-04-13,2743237419589.7197,850153783162.31,321632120396.0609
2022-04-14,2485896855969.0933,874257338284.76,
2022-04-15,2720914797741.7505,1085415070277.96,
2022-04-16,2548432579284.778,1151164169457.92,559389235732.8439
2022-04-17,2740710219427.8423,1169027848482.91,44374166062.97561
2022-04-18,2436846062532.8584,1032304350182.27,660877607569.1261
2022-04-19,2628784119052.8687,937564288459.65,651720223320.43
2022-04-20,2356529540321.7153,859304147066.47,642084377195.2206
2022-04-21,2549060806094.318,933940998686.92,356358668573.3921
2022-04-22,2737322392344.1694,917713310298.99,704474229458.904
2022-04-23,2831478763906.945,1259228409455.26,758287920939.9897
2022-04-24,2919202985698.7144,1175960488893.73,759296548544.9886
2022-04-25,2556839312846.7456,958274592413.95,696811571297.3467
2022-04-26,2597442686575.1865,763250821817.04,674191915307.6892
2022-04-27,2578392821085.342,880423198500.28,679454034991.8977
2022-04-28,2240902960426.143,873481422315.4,633241257456.5947
2022-04-29,2402744121188.6577,860116124455.29,713322487234.8643
2022-04-30,2209939954371.5933,988561879013.19,805095969692.2579
2022-05-01,2425229588348.3984,1181630521746.96,718427192742.3539
2022-05-02,2361380803656.5537,1055589456527.37,661186627359.268
2022-05-03,2487145957949.97,781639236253.64,564939019939.7649
2022-05-04,2224865363800.6504,716828334270.21,570728750984.0873
2022-05-05,2191207400082.3123,1059050436891.28,579692321019.6594
2022-05-06,2500905392375.3213,834846850656.67,678033806783.1016
2022-05-07,2421626602732.4785,1015710253095.06,749763715484.4583
2022-05-08,2706831834593.22,1366891045168.65,673788277506.0677
2022-05-09,2220080902284.394,867970599120.26,672334546518.2906
2022-05-10,2884651522271.3926,1148720539954.99,673146984529.1759
2022-05-11,2776699942580.649,787929487287.28,591759311982.3789
2022-05-12,2632052127353.9727,841020068358.75,560524125128.0504
2022-05-13,2657750503998.903,905138867995.01,634250067227.297
2022-05-14,2702303225460.829,1327866211894.81,779676996204.0757
2022-05-15,2598822797540.7085,1222284266358.41,690279944361.6451
2022-05-16,2356978122808.891,815216246005.02,698851297728.9489
2022-05-17,2428944967498.173,792204229472.77,731483906290.5978
2022-05-18,2284874327627.609,842862236520.1,697438991050.7328
2022-05-19,2497226076140.3633,851284756304.67,685950497506.7993
2022-05-20,3033825248545.995,982117279829.0,703666934599.0452
2022-05-21,3039401253364.67,1430337091064.41,762848193785.0217
2022-05-22,2766855901504.3228,1205606749385.49,877053289085.5447
2022-05-23,2750517323759.472,828758828672.44,674034638513.531
2022-05-24,2651054727236.4463,1031504489424.26,721715891424.7947
2022-05-25,2628144769725.9014,842890630531.82,656527781210.251
2022-05-26,2549896014431.26,853421636613.09,679868888900.0372
2022-05-27,2612558091751.8867,1001077318402.99,878940788217.3245
2022-05-28,2792215661455.302,1172111860790.37,843183603434.0388
2022-05-29,2922055058053.095,1099717135580.95,895733832764.8827
2022-05-30,2777562227971.993,993827673396.19,751931578990.5735
2022-05-31,2684255423995.642,797327254451.42,707379361492.3374
2022-06-01,2870240565030.283,871356027402.56,731198166166.1947
2022-06-02,2414650439722.765,877855828495.1,817824459464.6444
2022-06-03,2679580607622.103,853085286957.61,617216012747.439
2022-06-04,2720525743954.9434,1115363313132.13,903398821321.9803
2022-06-05,3102544354495.9355,1245212450603.6,756179429524.0792
2022-06-06,2660420871027.689,844641306893.71,724667481584.7849
2022-06-07,3023896856644.828,934059185284.91,649464149052.7153
2022-06-08,2615554310732.525,980704500885.57,664970484959.5602
2022-06-09,2503647120117.2104,787673066862.48,673985088016.3234
2022-06-10,3177002534678.8604,891276588127.77,737820863089.7268
2022-06-11,2812712572968.1426,998586014214.57,837907280134.147
2022-06-12,2579140118578.567,1173841257458.5,
2022-06-13,2550701756622.685,922543272254.72,740510757719.8811
2022-06-14,2683230103259.2153,826451126298.72,699995499210.8058
2022-06-15,2671191512785.815,837276492517.88,705616883879.3074
2022-06-16,2475118389670.031,761264607382.1,670641715391.6968
2022-06-17,2610588317802.947,766745631316.37,792755662354.4362
2022-06-18,2671702310957.058,1210293856435.85,865048754269.9152
2022-06-19,2852601840317.1797,1182461496468.53,721025067178.4452
2022-06-20,2917967584580.5347,836648708230.72,725135739403.1154
2022-06-21,3333507631052.4595,747045333765.71,733005391507.4811
2022-06-22,2972484749330.0874,928530971356.98,627646082155.2386
2022-06-23,2388545104401.609,852275522378.33,679565322418.658
2022-06-24,3154394649062.608,1022343683158.83,754127202190.3549
2022-06-25,2730927477924.147,1115838905977.79,782769737347.3535
2022-06-26,3149512848782.864,1135444361899.22,748255712363.1038
2022-06-27,2745187292927.971,795705125157.95,768231633354.8262
2022-06-28,2644237864661.176,810305865790.08,765941106229.2435
2022-06-29,2586616530678.28,678489964824.99,822426916443.2819
2022-06-30,2458422722516.57,685488577464.47,732940409130.3057
2022-07-01,2667388107542.116,801567438864.53,743341933574.4944
2022-07-02,2692370939874.954,1019925613631.4,842219055353.9045
2022-07-03,3422488897951.167,1011418550047.33,723753197553.8691
2022-07-04,2835253130302.963,873737570311.5,722948865409.5436
2022-07-05,2330772838564.497,836079627201.8,700854674173.132
2022-07-06,2352092903694.431,838674607287.68,698986641532.0337
2022-07-07,2419299613914.4844,802443129094.09,661892665399.4149
2022-07-08,2413749157981.658,841986854564.76,683276944810.6792
2022-07-09,2414278433111.365,1084854571786.16,798175951261.43
2022-07-10,2966303225639.882,1045578053126.38,714285979542.2343
2022-07-11,2503133856472.4478,844338868104.21,684590471579.93
2022-07-12,2486960722163.305,688925214343.76,656128443703.8512
2022-07-13,2182940071449.6865,700963613306.2,659492737446.2654
2022-07-14,2491403094032.9927,825211434312.71,629886859991.9905
2022-07-15,2630152165314.927,1011492653751.51,715007748213.636
2022-07-16,2566650275646.7827,1193857978715.72,803131874033.6274
2022-07-17,2790049126436.7134,1149951292192.31,790473658782.3455
2022-07-18,2337518885944.841,847141602056.68,624023771016.7806
2022-07-19,2703376354360.249,730916437892.09,638711341854.7406
2022-07-20,2796754346117.3145,846887960813.53,638706034585.2633
2022-07-21,2376896038735.62,809318644141.91,592709753426.4808
2022-07-22,2398819752824.792,902003723334.83,641263698814.8025
2022-07-23,2859190570874.707,1112568378079.13,49077538391.599915
2022-07-24,2894329936842.343,1125685629836.0,756475949530.8446
2022-07-25,3114021189386.2275,942585505339.08,633933624180.3607
2022-07-26,2542974380616.7954,825562357909.11,650944802580.3577
2022-07-27,2705008855200.981,880157426593.98,651186032216.8695
2022-07-28,2463921687144.5884,788873785251.16,618874043729.5836
2022-07-29,2642127789071.691,969409481667.67,568974568213.8939
2022-07-30,2754978733406.8584,1113165203335.66,732715120630.6271
2022-07-31,2505388235096.89,1275828172946.29,676716985106.0093
2022-08-01,2565551034357.057,955358434469.63,632327762376.0089
2022-08-02,2653849784098.243,787283861538.22,41775323070.19114
2022-08-03,2439080724507.275,782492066614.8,657844645193.5182
2022-08-04,2332747300915.2095,687888401835.1,17135958575.64941
2022-08-05,2462041584355.443,874518790035.61,729860282290.6346
2022-08-06,2730575892210.7456,1101995597496.56,704684357408.4338
2022-08-07,2789962038538.8413,1130434311059.16,769124542892.4337
2022-08-08,2774591863208.4272,726444431694.42,699480186954.7422
2022-08-09,2599373464336.538,848902674471.46,616155525230.7604
2022-08-10,2630151134381.3125,742536119007.37,643419292376.8029
2022-08-11,2385421245658.2485,694680990250.36,599553090931.8387
2022-08-12,2558098107372.7744,1012902197606.03,684271212150.5045
2022-08-13,2461347391540.381,897206751748.76,701138106028.3427
2022-08-14,2654529383456.789,1118989330689.14,680245600747.4053
2022-08-15,2583760803316.504,739578776343.22,617300229184.1228
2022-08-16,2689726294263.6416,730533458444.11,578973264781.777
2022-08-17,2869359390452.372,850965203357.14,637262642426.7855
2022-08-18,2359526636151.357,857031026928.14,644280776970.23
2022-08-19,2920434520140.0503,785688934268.68,617744311327.7146
2022-08-20,2580937638562.4927,941674000062.02,722955545187.2399
2022-08-21,2743938824315.7266,1411894115627.55,702756077484.5009
2022-08-22,2587378427968.31,694011989058.15,723791956312.7301
2022-08-23,2269163584887.9414,730782869040.68,642240850009.9205
2022-08-24,2695239898863.213,751305603724.89,569199321655.5067
2022-08-25,2540691137872.2363,648634986192.22,608902595201.6302
2022-08-26,3104876933811.286,781619858614.42,784172866659.3777
2022-08-27,2731105880580.316,963169274552.86,716309926869.6957
2022-08-28,2496172153971.9375,1170151308116.69,698915966932.4844
2022-08-29,2488929637688.1323,715495212143.47,684484325748.6948
2022-08-30,2437142260228.93,762416698929.68,662734464046.5784
2022-08-31,2561347922180.982,671207509462.5,661092326264.6908
2022-09-01,2432603738294.7075,876191558317.46,592670251571.1155
2022-09-02,2246377575631.3154,900918421260.43,657293689594.8904
2022-09-03,2212912147957.5684,1009389723672.49,715737413675.8517
2022-09-04,2556945673425.759,909850844197.37,709773011909.7263
2022-09-05,2577793692506.1587,1470315182086.94,658641184132.9393
2022-09-06,2576605597358.7573,1078852291378.93,626817264558.641
2022-09-07,2502936750401.0625,919208624438.75,595179233021.9567
2022-09-08,2643881500926.0913,840387152704.32,564686568039.4315
2022-09-09,2771453214983.292,999321401401.2,617957645458.0331
2022-09-10,2830789321159.9043,1158167154427.3,734428364299.215
2022-09-11,2980083377630.4966,1057382236098.47,663101724282.1741
2022-09-12,2732401402869.082,885813090956.15,587361297622.9712
2022-09-13,3232421604504.5903,719975911036.67,547808830464.1101
2022-09-14,2528090080230.1436,935496565826.1,587446300834.7058
2022-09-15,2857670223473.8604,752221801003.53,554914042013.026
2022-09-16,2644725072439.377,875194885134.64,608023267411.2313
2022-09-17,2514034261053.4067,1064079116107.84,726275944523.2727
2022-09-18,2807406913506.2896,1026853135385.22,672156664838.5287
2022-09-19,2578446254432.5845,873135118887.68,638968049768.8162
2022-09-20,2476522536814.0913,1020973250357.15,607309805524.8401
2022-09-21,2368028876201.802,703178053186.07,584396532422.573
2022-09-22,2219248370218.692,767806318001.94,571113516897.4254
2022-09-23,2816127136083.1025,814834724530.11,631072042048.331
2022-09-24,2615677017876.4497,1359792572549.23,686981634117.0201
2022-09-25,3210253512194.9175,1128991394366.76,676756453485.9303
2022-09-26,2736744831622.3696,1142958986263.21,632074322119.5522
2022-09-27,2376200858317.6035,736716508324.65,596118262381.2172
2022-09-28,2686809373548.22,706155741104.46,568337254421.9109
2022-09-29,2217224388693.4873,719592408623.57,546653736715.1008
2022-09-30,3058474018840.4517,758165127302.93,618515543628.5315
2022-10-01,2831294840196.9023,1018791874555.91,721149140053.6819
2022-10-02,2870574808169.9507,1222427622707.05,628352708222.6898
2022-10-03,2533293164992.218,912826203182.84,599804497818.4371
2022-10-04,2788474836050.4375,857572222742.56,575728292736.1249
2022-10-05,2534736105569.609,716340676976.86,579403703549.6174
2022-10-06,2619009900456.8,834496054599.37,561319336733.6064
2022-10-07,2708556094116.3926,843933246891.87,630321234439.4691
2022-10-08,3031236357298.3535,1364375128465.26,692534663152.1122
2022-10-09,2974902232546.52,1140696837143.01,670383553769.0667
2022-10-10,2845500470534.7217,886403514893.53,630846696183.4038
2022-10-11,2435394734634.514,868911203385.33,602889999513.9705
2022-10-12,2569624442079.1665,657213791621.8,552550745649.7218
2022-10-13,2845129687290.7246,660962526032.51,622188246224.1791
2022-10-14,2936398092621.2905,933543386627.7,674471134883.7314
2022-10-15,2749308540435.7847,1250170097660.89,736522765654.9037
2022-10-16,3162026571961.6875,1023303877824.56,702850846437.0437
2022-10-17,2851809143609.5166,796030102298.7,677928989499.3518
2022-10-18,2762615507378.605,893961521779.34,635384496814.467
2022-10-19,2447980381970.6333,670580676538.77,610441525184.1852
2022-10-20,2364021738740.306,779794870227.1,579131957712.7697
2022-10-21,2602893355772.99,938562329569.8,598493806891.774
2022-10-22,2730120041162.405,1174610906517.78,683210765954.8098
2022-10-23,3094168295008.5874,1183226772320.06,663255958915.3254
2022-10-24,2722532478614.111,991994613257.22,572395012315.6047
2022-10-25,2551345837599.459,957362037555.04,608980372493.9464
2022-10-26,2505654609414.341,902640806634.45,528872426934.58673
2022-10-27,2420256988643.401,872316321261.08,573184253044.6965
2022-10-28,2390949388942.767,1046825482686.94,639120812372.4915
2022-10-29,2520974166325.285,1158781077968.99,690083142388.3192
2022-10-30,3090067250814.538,1344102785508.93,668650758337.9913
2022-10-31,2535894679399.564,1085410677907.79,412112845861.549
2022-11-01,2808448340639.519,964337890792.94,689532208182.4606
2022-11-02,2632600121147.7373,865879893870.71,676084583167.206
2022-11-03,2822397224852.869,721370495045.34,684741769469.0934
2022-11-04,3279185883896.271,1082455995344.48,778811104251.2993
2022-11-05,2888425605411.533,1304741350984.27,867960912428.2058
2022-11-06,3279406936082.8457,1265886773924.71,793244817080.2769
2022-11-07,3125660978264.5815,803568756371.22,702604771737.525
2022-11-08,3341900553390.9575,1182660374012.89,679799767068.1201
2022-11-09,3022374712722.462,930380165549.86,756476244507.182
2022-11-10,3322187827105.68,890101332940.2,746838600480.8813
2022-11-11,3267616784335.891,1114896673951.9,808188977730.5336
2022-11-12,3292345996795.577,1499511659137.23,836638044763.1945
2022-11-13,3763772182030.7896,1517111011525.7,821420246206.6077
2022-11-14,3548993011587.6787,1166356491691.89,780938055988.633
2022-11-15,3023981951389.7285,900010933783.73,803748242153.2318
2022-11-16,3214273423822.4185,908715023589.51,803520505431.9678
2022-11-17,3056616111331.701,1046341777707.4,753749593448.3274
2022-11-18,3539842164840.318,1081527143556.77,766738237046.8547
2022-11-19,3561091455983.6675,1466756717410.87,931517501226.168
2022-11-20,3728918366057.617,1241574391920.81,905570271104.0944
2022-11-21,3771589627090.2656,994755909991.38,850494605124.093
2022-11-22,3569816123711.2407,950020108462.61,858628349578.2628
2022-11-23,3587958810007.9624,929260994375.37,833877250135.4507
2022-11-24,3642808058914.7783,985109822826.68,834372937751.9623
2022-11-25,4604042560334.574,1067299262861.16,858500320785.227
2022-11-26,3697878478622.7065,1263896738189.91,923552162092.7964
2022-11-27,4110288708360.5786,1272273800661.84,900601312888.1709
2022-11-28,3522518786093.325,827316260846.82,788373225950.2483
2022-11-29,3529222155896.2324,816832362218.75,769137699653.1482
2022-11-30,3496114591752.3154,896193913982.39,768683807303.5681
2022-12-01,3150615039598.4453,1089709597065.89,732322471479.9524
2022-12-02,3324159102131.826,1052115794555.76,836318620746.8275
2022-12-03,3626973718613.846,1594038331539.87,786595285123.9681
2022-12-04,3658037397153.762,1409740213686.07,817871479746.4515
2022-12-05,3444727313797.667,1285162867550.6,784225108912.0411
2022-12-06,3495414401691.223,951959262222.29,757796557568.8064
2022-12-07,4038399501669.0073,955328037501.76,758916936945.8981
2022-12-08,3488577526228.986,957156572413.45,842268899651.398
2022-12-09,3314952555510.2754,1034347938689.07,877014044102.1235
2022-12-10,3838304806808.47,1487770793898.91,934391806834.3988
2022-12-11,4200624421076.5537,1677820086073.86,914412392518.3865
2022-12-12,3363628139950.325,955243063298.72,840686662424.6111
2022-12-13,3792835947744.943,990180454226.0,755722799332.3468
2022-12-14,3551035794077.2017,948027803304.43,781627629598.8392
2022-12-15,4422155464290.324,1161323746281.18,764140641570.9874
2022-12-16,4103313061902.0225,1282284793690.21,721689108364.0331
2022-12-17,4224426359794.354,1680212427419.73,799696919000.533
2022-12-18,4291097759677.6113,1760601171543.11,813509025592.6893
2022-12-19,4327718015014.348,1090854145735.74,771123509548.7313
2022-12-20,4140426664247.3296,1117499354374.23,719359926303.7289
2022-12-21,3626711387869.488,1138202247767.99,740937173145.1907
2022-12-22,3196011199071.097,1012983731537.05,737416580071.6243
2022-12-23,3583643960798.713,1102056479760.17,849695293773.7537
2022-12-24,4226040832986.297,1156568391553.48,835249752204.7914
2022-12-25,3747832445418.8784,1032354897252.94,782678763549.9438
2022-12-26,3375510073570.604,1127324333391.23,815873999928.2781
2022-12-27,3182399750595.375,1225624805892.31,831677525189.6561
2022-12-28,3117970837182.63,1087446938910.06,823346692353.6583
2022-12-29,3614439284422.6445,1173388927019.08,795753057151.5236
2022-12-30,4069741444109.855,1214975244706.82,899375806080.9812
2022-12-31,3447173312893.8438,1165383849697.73,818810177351.1464
2023-01-01,3266700437014.366,1933004523415.2,779925560923.761
2023-01-02,3754206141275.436,1384881763128.7,1023079480658.3733
2023-01-03,3441345430310.1836,1096488476959.64,957946997565.0278
2023-01-04,3293778801803.3594,932987121278.91,931760295929.1702
2023-01-05,3515952009249.2217,1082016595269.69,997266540387.4197
2023-01-06,3811645428044.784,1124696550489.0,1098148719736.9045
2023-01-07,3741793873424.829,1385996113981.93,1100539344901.803
2023-01-08,4138074186261.0835,1449800716443.45,1030254706980.9725
2023-01-09,4037130712998.419,1059490921333.03,1202127391353.0815
2023-01-10,3588341737090.2183,946121628304.35,1061420830722.4165
2023-01-11,3277831095826.135,865512999623.18,1018433615366.0687
2023-01-12,3081060545485.8613,994008184497.27,1086603150582.6339
2023-01-13,3839406514227.8096,1066080386082.91,1237534492110.6387
2023-01-14,3861775846763.1543,1407123066966.85,1271678484663.3135
2023-01-15,4335922869727.513,1560187344146.11,1217681444343.6946
2023-01-16,4236941068263.3804,1247285689559.94,978005436851.0225
2023-01-17,3334027165037.83,1153872719243.84,999653582623.0704
2023-01-18,3997673527728.292,993204413662.54,944539075969.5223
2023-01-19,3860130058879.107,1199655080929.31,878598200799.0422
2023-01-20,4088873618170.324,1312777650243.86,969009408273.3942
2023-01-21,4232157681869.175,1672187665029.61,1217778723497.6045
2023-01-22,4051975799256.4053,1589943374199.45,1248376349383.041
2023-01-23,3619718348932.0596,1291430517898.24,965425861578.1088
2023-01-24,3313383777099.2183,1543505254673.35,812038854008.2839
2023-01-25,3433541592389.5483,1293674297435.64,847523136719.4196
2023-01-26,3067968434248.402,1518354323070.29,800420672865.9044
2023-01-27,3512663957123.9053,1272240809488.28,929718970184.2368
2023-01-28,4122223310664.0757,1416492335897.04,989634333347.9359
2023-01-29,3579399763821.5483,1734639424630.43,943327086177.8278
2023-01-30,3165565277961.62,2203578818573.39,890492102391.5115
2023-01-31,3209967020174.523,1360512863497.57,922786267966.1139
